Run,Assay Type,AvgSpotLen,Bases,BioProject,BioSample,Bytes,Center Name,common_name,Consent,DATASTORE filetype,DATASTORE provider,DATASTORE region,ENA-FIRST-PUBLIC (run),ENA-FIRST-PUBLIC,ENA-LAST-UPDATE (run),ENA-LAST-UPDATE,Experiment,External_Id,INSDC_center_alias,INSDC_center_name,INSDC_first_public,INSDC_last_update,INSDC_status,Instrument,Library Name,LibraryLayout,LibrarySelection,LibrarySource,Organism,Platform,ReleaseDate,Sample Name,Sample_name,SRA_accession,SRA Study,Submitter_Id,title,Low Quality
ERR4403667,AMPLICON,501,35823059,PRJEB39698,SAMEA7116400,23684408,UNSW AUSTRALIA,human,public,"fastq,sra","s3,ncbi,gs","gs.US,s3.us-east-1,ncbi.public",1/5/2021,12/30/2020,8/5/2020,8/3/2020,ERX4345978,SAMEA7116400,UNSW Australia,UNSW Australia,2020-12-30T18:38:18Z,2020-08-03T15:19:33Z,public,Illumina MiSeq,unspecified,PAIRED,PCR,METAGENOMIC,Homo sapiens,ILLUMINA,2021-01-06T00:00:00Z,SAMEA7116400,AE-BUFFER2,ERS4876944,ERP123248,AE-BUFFER2,NEG,TRUE
ERR4403668,AMPLICON,501,11537,PRJEB39698,SAMEA7116401,88795,UNSW AUSTRALIA,human,public,"fastq,sra","ncbi,s3,gs","gs.US,ncbi.public,s3.us-east-1",1/5/2021,12/30/2020,8/5/2020,8/3/2020,ERX4345979,SAMEA7116401,UNSW Australia,UNSW Australia,2020-12-30T18:38:18Z,2020-08-03T15:19:34Z,public,Illumina MiSeq,unspecified,PAIRED,PCR,METAGENOMIC,Homo sapiens,ILLUMINA,2021-01-06T00:00:00Z,SAMEA7116401,AL-BUFFER,ERS4876945,ERP123248,AL-BUFFER,NEG,TRUE
ERR4403671,AMPLICON,502,3514,PRJEB39698,SAMEA7116404,81609,UNSW AUSTRALIA,human,public,"fastq,sra","gs,s3,ncbi","gs.US,s3.us-east-1,ncbi.public",1/5/2021,12/30/2020,8/5/2020,8/3/2020,ERX4345982,SAMEA7116404,UNSW Australia,UNSW Australia,2020-12-30T18:38:18Z,2020-08-03T15:19:34Z,public,Illumina MiSeq,unspecified,PAIRED,PCR,METAGENOMIC,Homo sapiens,ILLUMINA,2021-01-06T00:00:00Z,SAMEA7116404,AW1-2,ERS4876948,ERP123248,AW1-2,NEG,TRUE
ERR4403716,AMPLICON,501,1608528,PRJEB39698,SAMEA7116450,1125582,UNSW AUSTRALIA,human,public,"sra,fastq","s3,gs,ncbi","ncbi.public,s3.us-east-1,gs.US",1/5/2021,12/30/2020,8/5/2020,8/3/2020,ERX4346027,SAMEA7116450,UNSW Australia,UNSW Australia,2020-12-30T18:38:18Z,2020-08-03T15:19:34Z,public,Illumina MiSeq,unspecified,PAIRED,PCR,METAGENOMIC,Homo sapiens,ILLUMINA,2021-01-06T00:00:00Z,SAMEA7116450,PHA2016016V-2,ERS4876993,ERP123248,PHA2016016V-2,Vagina,TRUE
ERR4403745,AMPLICON,501,39424163,PRJEB39698,SAMEA7116479,25842431,UNSW AUSTRALIA,human,public,"fastq,sra","ncbi,gs,s3","ncbi.public,s3.us-east-1,gs.US",1/5/2021,12/30/2020,8/5/2020,8/3/2020,ERX4346056,SAMEA7116479,UNSW Australia,UNSW Australia,2020-12-30T18:38:18Z,2020-08-03T15:19:34Z,public,Illumina MiSeq,unspecified,PAIRED,PCR,METAGENOMIC,Homo sapiens,ILLUMINA,2021-01-06T00:00:00Z,SAMEA7116479,PHN2016001V,ERS4877022,ERP123248,PHN2016001V,Vagina,TRUE
ERR4403774,AMPLICON,501,14097557,PRJEB39698,SAMEA7116508,9059009,UNSW AUSTRALIA,human,public,"fastq,sra","s3,gs,ncbi","gs.US,ncbi.public,s3.us-east-1",1/5/2021,12/30/2020,8/5/2020,8/3/2020,ERX4346085,SAMEA7116508,UNSW Australia,UNSW Australia,2020-12-30T18:38:18Z,2020-08-03T15:19:35Z,public,Illumina MiSeq,unspecified,PAIRED,PCR,METAGENOMIC,Homo sapiens,ILLUMINA,2021-01-06T00:00:00Z,SAMEA7116508,PHN2016011P-2,ERS4877051,ERP123248,PHN2016011P-2,Placenta,TRUE
ERR4403781,AMPLICON,501,31253362,PRJEB39698,SAMEA7116515,20867361,UNSW AUSTRALIA,human,public,"fastq,sra","ncbi,gs,s3","ncbi.public,s3.us-east-1,gs.US",1/5/2021,12/30/2020,8/5/2020,8/3/2020,ERX4346092,SAMEA7116515,UNSW Australia,UNSW Australia,2020-12-30T18:38:18Z,2020-08-03T15:19:35Z,public,Illumina MiSeq,unspecified,PAIRED,PCR,METAGENOMIC,Homo sapiens,ILLUMINA,2021-01-06T00:00:00Z,SAMEA7116515,PHN2016013V,ERS4877058,ERP123248,PHN2016013V,Vagina,TRUE
ERR4403821,AMPLICON,501,29872778,PRJEB39698,SAMEA7116555,19660142,UNSW AUSTRALIA,human,public,"fastq,sra","gs,s3,ncbi","s3.us-east-1,gs.US,ncbi.public",1/5/2021,12/30/2020,8/5/2020,8/3/2020,ERX4346132,SAMEA7116555,UNSW Australia,UNSW Australia,2020-12-30T18:38:18Z,2020-08-03T15:19:35Z,public,Illumina MiSeq,unspecified,PAIRED,PCR,METAGENOMIC,Homo sapiens,ILLUMINA,2021-01-06T00:00:00Z,SAMEA7116555,PHN2016026V,ERS4877098,ERP123248,PHN2016026V,Vagina,TRUE
ERR4403666,AMPLICON,501,133119305,PRJEB39698,SAMEA7116399,83661508,UNSW AUSTRALIA,human,public,"fastq,sra","gs,s3,ncbi","gs.US,ncbi.public,s3.us-east-1",1/5/2021,12/30/2020,8/5/2020,8/3/2020,ERX4345977,SAMEA7116399,UNSW Australia,UNSW Australia,2020-12-30T18:38:18Z,2020-08-03T15:19:33Z,public,Illumina MiSeq,unspecified,PAIRED,PCR,METAGENOMIC,Homo sapiens,ILLUMINA,2021-01-06T00:00:00Z,SAMEA7116399,AE-BUFFER,ERS4876943,ERP123248,AE-BUFFER,NEG,FALSE
ERR4403669,AMPLICON,501,78283,PRJEB39698,SAMEA7116402,127247,UNSW AUSTRALIA,human,public,"sra,fastq","ncbi,s3,gs","s3.us-east-1,gs.US,ncbi.public",1/5/2021,12/30/2020,8/5/2020,8/3/2020,ERX4345980,SAMEA7116402,UNSW Australia,UNSW Australia,2020-12-30T18:38:18Z,2020-08-03T15:19:34Z,public,Illumina MiSeq,unspecified,PAIRED,PCR,METAGENOMIC,Homo sapiens,ILLUMINA,2021-01-06T00:00:00Z,SAMEA7116402,AL-BUFFER-2,ERS4876946,ERP123248,AL-BUFFER-2,NEG,FALSE
ERR4403670,AMPLICON,501,110923,PRJEB39698,SAMEA7116403,146431,UNSW AUSTRALIA,human,public,"sra,fastq","s3,ncbi,gs","s3.us-east-1,gs.US,ncbi.public",1/5/2021,12/30/2020,8/5/2020,8/3/2020,ERX4345981,SAMEA7116403,UNSW Australia,UNSW Australia,2020-12-30T18:38:18Z,2020-08-03T15:19:34Z,public,Illumina MiSeq,unspecified,PAIRED,PCR,METAGENOMIC,Homo sapiens,ILLUMINA,2021-01-06T00:00:00Z,SAMEA7116403,AW1,ERS4876947,ERP123248,AW1,NEG,FALSE
ERR4403672,AMPLICON,501,2334853,PRJEB39698,SAMEA7116405,1449317,UNSW AUSTRALIA,human,public,"sra,fastq","ncbi,gs,s3","s3.us-east-1,gs.US,ncbi.public",1/5/2021,12/30/2020,8/5/2020,8/3/2020,ERX4345983,SAMEA7116405,UNSW Australia,UNSW Australia,2020-12-30T18:38:18Z,2020-08-03T15:19:34Z,public,Illumina MiSeq,unspecified,PAIRED,PCR,METAGENOMIC,Homo sapiens,ILLUMINA,2021-01-06T00:00:00Z,SAMEA7116405,AW2,ERS4876949,ERP123248,AW2,NEG,FALSE
ERR4403673,AMPLICON,500,1341675,PRJEB39698,SAMEA7116406,847693,UNSW AUSTRALIA,human,public,"fastq,sra","ncbi,gs,s3","s3.us-east-1,gs.US,ncbi.public",1/5/2021,12/30/2020,8/5/2020,8/3/2020,ERX4345984,SAMEA7116406,UNSW Australia,UNSW Australia,2020-12-30T18:38:18Z,2020-08-03T15:19:34Z,public,Illumina MiSeq,unspecified,PAIRED,PCR,METAGENOMIC,Homo sapiens,ILLUMINA,2021-01-06T00:00:00Z,SAMEA7116406,AW2-2,ERS4876950,ERP123248,AW2-2,NEG,FALSE
ERR4403674,AMPLICON,501,36082336,PRJEB39698,SAMEA7116407,21381435,UNSW AUSTRALIA,human,public,"sra,fastq","s3,ncbi,gs","gs.US,s3.us-east-1,ncbi.public",1/5/2021,12/30/2020,8/5/2020,8/3/2020,ERX4345985,SAMEA7116407,UNSW Australia,UNSW Australia,2020-12-30T18:38:18Z,2020-08-03T15:19:34Z,public,Illumina MiSeq,unspecified,PAIRED,PCR,METAGENOMIC,Homo sapiens,ILLUMINA,2021-01-06T00:00:00Z,SAMEA7116407,PHA2016001P-1,ERS4876951,ERP123248,PHA2016001P-1,Placenta,FALSE
ERR4403675,AMPLICON,501,16071133,PRJEB39698,SAMEA7116408,9125396,UNSW AUSTRALIA,human,public,"sra,fastq","ncbi,s3,gs","s3.us-east-1,ncbi.public,gs.US",1/5/2021,12/30/2020,8/5/2020,8/3/2020,ERX4345986,SAMEA7116408,UNSW Australia,UNSW Australia,2020-12-30T18:38:18Z,2020-08-03T15:19:34Z,public,Illumina MiSeq,unspecified,PAIRED,PCR,METAGENOMIC,Homo sapiens,ILLUMINA,2021-01-06T00:00:00Z,SAMEA7116408,PHA2016001P-2,ERS4876952,ERP123248,PHA2016001P-2,Placenta,FALSE
ERR4403676,AMPLICON,501,46303026,PRJEB39698,SAMEA7116409,29558116,UNSW AUSTRALIA,human,public,"fastq,sra","s3,gs,ncbi","s3.us-east-1,gs.US,ncbi.public",1/5/2021,12/30/2020,8/5/2020,8/3/2020,ERX4345987,SAMEA7116409,UNSW Australia,UNSW Australia,2020-12-30T18:38:18Z,2020-08-03T15:19:34Z,public,Illumina MiSeq,unspecified,PAIRED,PCR,METAGENOMIC,Homo sapiens,ILLUMINA,2021-01-06T00:00:00Z,SAMEA7116409,PHA2016001V,ERS4876953,ERP123248,PHA2016001V,Vagina,FALSE
ERR4403677,AMPLICON,501,22998600,PRJEB39698,SAMEA7116410,13917665,UNSW AUSTRALIA,human,public,"fastq,sra","gs,ncbi,s3","s3.us-east-1,ncbi.public,gs.US",1/5/2021,12/30/2020,8/5/2020,8/3/2020,ERX4345988,SAMEA7116410,UNSW Australia,UNSW Australia,2020-12-30T18:38:18Z,2020-08-03T15:19:34Z,public,Illumina MiSeq,unspecified,PAIRED,PCR,METAGENOMIC,Homo sapiens,ILLUMINA,2021-01-06T00:00:00Z,SAMEA7116410,PHA2016002P-1,ERS4876954,ERP123248,PHA2016002P-1,Placenta,FALSE
ERR4403678,AMPLICON,501,132964075,PRJEB39698,SAMEA7116411,80688575,UNSW AUSTRALIA,human,public,"sra,fastq","ncbi,gs,s3","s3.us-east-1,ncbi.public,gs.US",1/5/2021,12/30/2020,8/5/2020,8/3/2020,ERX4345989,SAMEA7116411,UNSW Australia,UNSW Australia,2020-12-30T18:38:18Z,2020-08-03T15:19:34Z,public,Illumina MiSeq,unspecified,PAIRED,PCR,METAGENOMIC,Homo sapiens,ILLUMINA,2021-01-06T00:00:00Z,SAMEA7116411,PHA2016002P-2,ERS4876955,ERP123248,PHA2016002P-2,Placenta,FALSE
ERR4403679,AMPLICON,501,75991460,PRJEB39698,SAMEA7116412,45132253,UNSW AUSTRALIA,human,public,"sra,fastq","ncbi,s3,gs","s3.us-east-1,ncbi.public,gs.US",1/5/2021,12/30/2020,8/5/2020,8/3/2020,ERX4345990,SAMEA7116412,UNSW Australia,UNSW Australia,2020-12-30T18:38:18Z,2020-08-03T15:19:34Z,public,Illumina MiSeq,unspecified,PAIRED,PCR,METAGENOMIC,Homo sapiens,ILLUMINA,2021-01-06T00:00:00Z,SAMEA7116412,PHA2016002V,ERS4876956,ERP123248,PHA2016002V,Vagina,FALSE
ERR4403680,AMPLICON,501,26027372,PRJEB39698,SAMEA7116413,15393893,UNSW AUSTRALIA,human,public,"fastq,sra","s3,ncbi,gs","s3.us-east-1,gs.US,ncbi.public",1/5/2021,12/30/2020,8/5/2020,8/3/2020,ERX4345991,SAMEA7116413,UNSW Australia,UNSW Australia,2020-12-30T18:38:18Z,2020-08-03T15:19:34Z,public,Illumina MiSeq,unspecified,PAIRED,PCR,METAGENOMIC,Homo sapiens,ILLUMINA,2021-01-06T00:00:00Z,SAMEA7116413,PHA2016003P-1,ERS4876957,ERP123248,PHA2016003P-1,Placenta,FALSE
ERR4403681,AMPLICON,501,10704471,PRJEB39698,SAMEA7116414,6204981,UNSW AUSTRALIA,human,public,"sra,fastq","ncbi,gs,s3","ncbi.public,gs.US,s3.us-east-1",1/5/2021,12/30/2020,8/5/2020,8/3/2020,ERX4345992,SAMEA7116414,UNSW Australia,UNSW Australia,2020-12-30T18:38:18Z,2020-08-03T15:19:34Z,public,Illumina MiSeq,unspecified,PAIRED,PCR,METAGENOMIC,Homo sapiens,ILLUMINA,2021-01-06T00:00:00Z,SAMEA7116414,PHA2016003P-2,ERS4876958,ERP123248,PHA2016003P-2,Placenta,FALSE
ERR4403682,AMPLICON,501,73266461,PRJEB39698,SAMEA7116415,45254362,UNSW AUSTRALIA,human,public,"sra,fastq","s3,ncbi,gs","ncbi.public,gs.US,s3.us-east-1",1/5/2021,12/30/2020,8/5/2020,8/3/2020,ERX4345993,SAMEA7116415,UNSW Australia,UNSW Australia,2020-12-30T18:38:18Z,2020-08-03T15:19:34Z,public,Illumina MiSeq,unspecified,PAIRED,PCR,METAGENOMIC,Homo sapiens,ILLUMINA,2021-01-06T00:00:00Z,SAMEA7116415,PHA2016003V,ERS4876959,ERP123248,PHA2016003V,Vagina,FALSE
ERR4403683,AMPLICON,501,46167857,PRJEB39698,SAMEA7116416,29675747,UNSW AUSTRALIA,human,public,"sra,fastq","s3,ncbi,gs","s3.us-east-1,gs.US,ncbi.public",1/5/2021,12/30/2020,8/5/2020,8/3/2020,ERX4345994,SAMEA7116416,UNSW Australia,UNSW Australia,2020-12-30T18:38:18Z,2020-08-03T15:19:34Z,public,Illumina MiSeq,unspecified,PAIRED,PCR,METAGENOMIC,Homo sapiens,ILLUMINA,2021-01-06T00:00:00Z,SAMEA7116416,PHA2016004P-1,ERS4876960,ERP123248,PHA2016004P-1,Placenta,FALSE
ERR4403684,AMPLICON,501,82926943,PRJEB39698,SAMEA7116417,50727151,UNSW AUSTRALIA,human,public,"fastq,sra","gs,s3,ncbi","gs.US,s3.us-east-1,ncbi.public",1/5/2021,12/30/2020,8/5/2020,8/3/2020,ERX4345995,SAMEA7116417,UNSW Australia,UNSW Australia,2020-12-30T18:38:18Z,2020-08-03T15:19:34Z,public,Illumina MiSeq,unspecified,PAIRED,PCR,METAGENOMIC,Homo sapiens,ILLUMINA,2021-01-06T00:00:00Z,SAMEA7116417,PHA2016004P-2,ERS4876961,ERP123248,PHA2016004P-2,Placenta,FALSE
ERR4403685,AMPLICON,501,29436600,PRJEB39698,SAMEA7116419,16188224,UNSW AUSTRALIA,human,public,"sra,fastq","s3,ncbi,gs","ncbi.public,s3.us-east-1,gs.US",1/5/2021,12/30/2020,8/5/2020,8/3/2020,ERX4345996,SAMEA7116419,UNSW Australia,UNSW Australia,2020-12-30T18:38:18Z,2020-08-03T15:19:34Z,public,Illumina MiSeq,unspecified,PAIRED,PCR,METAGENOMIC,Homo sapiens,ILLUMINA,2021-01-06T00:00:00Z,SAMEA7116419,PHA2016004V,ERS4876962,ERP123248,PHA2016004V,Vagina,FALSE
ERR4403686,AMPLICON,501,119728335,PRJEB39698,SAMEA7116420,68495362,UNSW AUSTRALIA,human,public,"sra,fastq","s3,ncbi,gs","s3.us-east-1,ncbi.public,gs.US",1/5/2021,12/30/2020,8/5/2020,8/3/2020,ERX4345997,SAMEA7116420,UNSW Australia,UNSW Australia,2020-12-30T18:38:18Z,2020-08-03T15:19:34Z,public,Illumina MiSeq,unspecified,PAIRED,PCR,METAGENOMIC,Homo sapiens,ILLUMINA,2021-01-06T00:00:00Z,SAMEA7116420,PHA2016005P-1,ERS4876963,ERP123248,PHA2016005P-1,Placenta,FALSE
ERR4403687,AMPLICON,501,69505309,PRJEB39698,SAMEA7116421,41521611,UNSW AUSTRALIA,human,public,"fastq,sra","gs,s3,ncbi","s3.us-east-1,gs.US,ncbi.public",1/5/2021,12/30/2020,8/5/2020,8/3/2020,ERX4345998,SAMEA7116421,UNSW Australia,UNSW Australia,2020-12-30T18:38:18Z,2020-08-03T15:19:34Z,public,Illumina MiSeq,unspecified,PAIRED,PCR,METAGENOMIC,Homo sapiens,ILLUMINA,2021-01-06T00:00:00Z,SAMEA7116421,PHA2016005P-2,ERS4876964,ERP123248,PHA2016005P-2,Placenta,FALSE
ERR4403688,AMPLICON,501,30615743,PRJEB39698,SAMEA7116422,17252099,UNSW AUSTRALIA,human,public,"fastq,sra","ncbi,s3,gs","s3.us-east-1,gs.US,ncbi.public",1/5/2021,12/30/2020,8/5/2020,8/3/2020,ERX4345999,SAMEA7116422,UNSW Australia,UNSW Australia,2020-12-30T18:38:18Z,2020-08-03T15:19:34Z,public,Illumina MiSeq,unspecified,PAIRED,PCR,METAGENOMIC,Homo sapiens,ILLUMINA,2021-01-06T00:00:00Z,SAMEA7116422,PHA2016005V,ERS4876965,ERP123248,PHA2016005V,Vagina,FALSE
ERR4403689,AMPLICON,501,14955188,PRJEB39698,SAMEA7116423,9069734,UNSW AUSTRALIA,human,public,"sra,fastq","s3,gs,ncbi","ncbi.public,gs.US,s3.us-east-1",1/5/2021,12/30/2020,8/5/2020,8/3/2020,ERX4346000,SAMEA7116423,UNSW Australia,UNSW Australia,2020-12-30T18:38:18Z,2020-08-03T15:19:34Z,public,Illumina MiSeq,unspecified,PAIRED,PCR,METAGENOMIC,Homo sapiens,ILLUMINA,2021-01-06T00:00:00Z,SAMEA7116423,PHA2016006P-1,ERS4876966,ERP123248,PHA2016006P-1,Placenta,FALSE
ERR4403690,AMPLICON,501,43606080,PRJEB39698,SAMEA7116424,26307193,UNSW AUSTRALIA,human,public,"sra,fastq","gs,ncbi,s3","gs.US,ncbi.public,s3.us-east-1",1/5/2021,12/30/2020,8/5/2020,8/3/2020,ERX4346001,SAMEA7116424,UNSW Australia,UNSW Australia,2020-12-30T18:38:18Z,2020-08-03T15:19:34Z,public,Illumina MiSeq,unspecified,PAIRED,PCR,METAGENOMIC,Homo sapiens,ILLUMINA,2021-01-06T00:00:00Z,SAMEA7116424,PHA2016006P-2,ERS4876967,ERP123248,PHA2016006P-2,Placenta,FALSE
ERR4403691,AMPLICON,501,79258676,PRJEB39698,SAMEA7116425,46061288,UNSW AUSTRALIA,human,public,"fastq,sra","ncbi,gs,s3","gs.US,ncbi.public,s3.us-east-1",1/5/2021,12/30/2020,8/5/2020,8/3/2020,ERX4346002,SAMEA7116425,UNSW Australia,UNSW Australia,2020-12-30T18:38:18Z,2020-08-03T15:19:34Z,public,Illumina MiSeq,unspecified,PAIRED,PCR,METAGENOMIC,Homo sapiens,ILLUMINA,2021-01-06T00:00:00Z,SAMEA7116425,PHA2016007P-1,ERS4876968,ERP123248,PHA2016007P-1,Placenta,FALSE
ERR4403692,AMPLICON,501,85765775,PRJEB39698,SAMEA7116426,52863988,UNSW AUSTRALIA,human,public,"sra,fastq","gs,ncbi,s3","gs.US,s3.us-east-1,ncbi.public",1/5/2021,12/30/2020,8/5/2020,8/3/2020,ERX4346003,SAMEA7116426,UNSW Australia,UNSW Australia,2020-12-30T18:38:18Z,2020-08-03T15:19:34Z,public,Illumina MiSeq,unspecified,PAIRED,PCR,METAGENOMIC,Homo sapiens,ILLUMINA,2021-01-06T00:00:00Z,SAMEA7116426,PHA2016007P-2,ERS4876969,ERP123248,PHA2016007P-2,Placenta,FALSE
ERR4403693,AMPLICON,501,80843873,PRJEB39698,SAMEA7116427,51983543,UNSW AUSTRALIA,human,public,"sra,fastq","s3,gs,ncbi","gs.US,ncbi.public,s3.us-east-1",1/5/2021,12/30/2020,8/5/2020,8/3/2020,ERX4346004,SAMEA7116427,UNSW Australia,UNSW Australia,2020-12-30T18:38:18Z,2020-08-03T15:19:34Z,public,Illumina MiSeq,unspecified,PAIRED,PCR,METAGENOMIC,Homo sapiens,ILLUMINA,2021-01-06T00:00:00Z,SAMEA7116427,PHA2016007V,ERS4876970,ERP123248,PHA2016007V,Vagina,FALSE
ERR4403694,AMPLICON,501,67742636,PRJEB39698,SAMEA7116428,39616051,UNSW AUSTRALIA,human,public,"fastq,sra","gs,s3,ncbi","ncbi.public,gs.US,s3.us-east-1",1/5/2021,12/30/2020,8/5/2020,8/3/2020,ERX4346005,SAMEA7116428,UNSW Australia,UNSW Australia,2020-12-30T18:38:18Z,2020-08-03T15:19:34Z,public,Illumina MiSeq,unspecified,PAIRED,PCR,METAGENOMIC,Homo sapiens,ILLUMINA,2021-01-06T00:00:00Z,SAMEA7116428,PHA2016009P-1,ERS4876971,ERP123248,PHA2016009P-1,Placenta,FALSE
ERR4403695,AMPLICON,501,51127642,PRJEB39698,SAMEA7116429,28722540,UNSW AUSTRALIA,human,public,"sra,fastq","gs,s3,ncbi","s3.us-east-1,ncbi.public,gs.US",1/5/2021,12/30/2020,8/5/2020,8/3/2020,ERX4346006,SAMEA7116429,UNSW Australia,UNSW Australia,2020-12-30T18:38:18Z,2020-08-03T15:19:34Z,public,Illumina MiSeq,unspecified,PAIRED,PCR,METAGENOMIC,Homo sapiens,ILLUMINA,2021-01-06T00:00:00Z,SAMEA7116429,PHA2016009P-2,ERS4876972,ERP123248,PHA2016009P-2,Placenta,FALSE
ERR4403696,AMPLICON,501,20894217,PRJEB39698,SAMEA7116430,11286536,UNSW AUSTRALIA,human,public,"fastq,sra","s3,ncbi,gs","s3.us-east-1,ncbi.public,gs.US",1/5/2021,12/30/2020,8/5/2020,8/3/2020,ERX4346007,SAMEA7116430,UNSW Australia,UNSW Australia,2020-12-30T18:38:18Z,2020-08-03T15:19:34Z,public,Illumina MiSeq,unspecified,PAIRED,PCR,METAGENOMIC,Homo sapiens,ILLUMINA,2021-01-06T00:00:00Z,SAMEA7116430,PHA2016009V,ERS4876973,ERP123248,PHA2016009V,Vagina,FALSE
ERR4403697,AMPLICON,501,24118011,PRJEB39698,SAMEA7116431,13937687,UNSW AUSTRALIA,human,public,"sra,fastq","ncbi,s3,gs","s3.us-east-1,ncbi.public,gs.US",1/5/2021,12/30/2020,8/5/2020,8/3/2020,ERX4346008,SAMEA7116431,UNSW Australia,UNSW Australia,2020-12-30T18:38:18Z,2020-08-03T15:19:34Z,public,Illumina MiSeq,unspecified,PAIRED,PCR,METAGENOMIC,Homo sapiens,ILLUMINA,2021-01-06T00:00:00Z,SAMEA7116431,PHA2016010P-1,ERS4876974,ERP123248,PHA2016010P-1,Placenta,FALSE
ERR4403698,AMPLICON,501,58210667,PRJEB39698,SAMEA7116432,33967060,UNSW AUSTRALIA,human,public,"sra,fastq","s3,gs,ncbi","s3.us-east-1,gs.US,ncbi.public",1/5/2021,12/30/2020,8/5/2020,8/3/2020,ERX4346009,SAMEA7116432,UNSW Australia,UNSW Australia,2020-12-30T18:38:18Z,2020-08-03T15:19:34Z,public,Illumina MiSeq,unspecified,PAIRED,PCR,METAGENOMIC,Homo sapiens,ILLUMINA,2021-01-06T00:00:00Z,SAMEA7116432,PHA2016010P-2,ERS4876975,ERP123248,PHA2016010P-2,Placenta,FALSE
ERR4403699,AMPLICON,501,106255462,PRJEB39698,SAMEA7116433,67676692,UNSW AUSTRALIA,human,public,"fastq,sra","ncbi,s3,gs","s3.us-east-1,ncbi.public,gs.US",1/5/2021,12/30/2020,8/5/2020,8/3/2020,ERX4346010,SAMEA7116433,UNSW Australia,UNSW Australia,2020-12-30T18:38:18Z,2020-08-03T15:19:34Z,public,Illumina MiSeq,unspecified,PAIRED,PCR,METAGENOMIC,Homo sapiens,ILLUMINA,2021-01-06T00:00:00Z,SAMEA7116433,PHA2016010V,ERS4876976,ERP123248,PHA2016010V,Vagina,FALSE
ERR4403700,AMPLICON,501,95273890,PRJEB39698,SAMEA7116434,60930858,UNSW AUSTRALIA,human,public,"fastq,sra","ncbi,s3,gs","gs.US,s3.us-east-1,ncbi.public",1/5/2021,12/30/2020,8/5/2020,8/3/2020,ERX4346011,SAMEA7116434,UNSW Australia,UNSW Australia,2020-12-30T18:38:18Z,2020-08-03T15:19:34Z,public,Illumina MiSeq,unspecified,PAIRED,PCR,METAGENOMIC,Homo sapiens,ILLUMINA,2021-01-06T00:00:00Z,SAMEA7116434,PHA2016011P-1,ERS4876977,ERP123248,PHA2016011P-1,Placenta,FALSE
ERR4403701,AMPLICON,501,80932068,PRJEB39698,SAMEA7116435,51828023,UNSW AUSTRALIA,human,public,"sra,fastq","s3,gs,ncbi","ncbi.public,gs.US,s3.us-east-1",1/5/2021,12/30/2020,8/5/2020,8/3/2020,ERX4346012,SAMEA7116435,UNSW Australia,UNSW Australia,2020-12-30T18:38:18Z,2020-08-03T15:19:34Z,public,Illumina MiSeq,unspecified,PAIRED,PCR,METAGENOMIC,Homo sapiens,ILLUMINA,2021-01-06T00:00:00Z,SAMEA7116435,PHA2016011P-2,ERS4876978,ERP123248,PHA2016011P-2,Placenta,FALSE
ERR4403702,AMPLICON,501,138785692,PRJEB39698,SAMEA7116436,88769311,UNSW AUSTRALIA,human,public,"sra,fastq","ncbi,gs,s3","gs.US,s3.us-east-1,ncbi.public",1/5/2021,12/30/2020,8/5/2020,8/3/2020,ERX4346013,SAMEA7116436,UNSW Australia,UNSW Australia,2020-12-30T18:38:18Z,2020-08-03T15:19:34Z,public,Illumina MiSeq,unspecified,PAIRED,PCR,METAGENOMIC,Homo sapiens,ILLUMINA,2021-01-06T00:00:00Z,SAMEA7116436,PHA2016011V,ERS4876979,ERP123248,PHA2016011V,Vagina,FALSE
ERR4403703,AMPLICON,501,37205303,PRJEB39698,SAMEA7116437,21834722,UNSW AUSTRALIA,human,public,"sra,fastq","ncbi,gs,s3","ncbi.public,s3.us-east-1,gs.US",1/5/2021,12/30/2020,8/5/2020,8/3/2020,ERX4346014,SAMEA7116437,UNSW Australia,UNSW Australia,2020-12-30T18:38:18Z,2020-08-03T15:19:34Z,public,Illumina MiSeq,unspecified,PAIRED,PCR,METAGENOMIC,Homo sapiens,ILLUMINA,2021-01-06T00:00:00Z,SAMEA7116437,PHA2016012P-1,ERS4876980,ERP123248,PHA2016012P-1,Placenta,FALSE
ERR4403704,AMPLICON,501,35264091,PRJEB39698,SAMEA7116438,20924033,UNSW AUSTRALIA,human,public,"fastq,sra","ncbi,s3,gs","s3.us-east-1,ncbi.public,gs.US",1/5/2021,12/30/2020,8/5/2020,8/3/2020,ERX4346015,SAMEA7116438,UNSW Australia,UNSW Australia,2020-12-30T18:38:18Z,2020-08-03T15:19:34Z,public,Illumina MiSeq,unspecified,PAIRED,PCR,METAGENOMIC,Homo sapiens,ILLUMINA,2021-01-06T00:00:00Z,SAMEA7116438,PHA2016012P-2,ERS4876981,ERP123248,PHA2016012P-2,Placenta,FALSE
ERR4403705,AMPLICON,501,102125164,PRJEB39698,SAMEA7116439,67265902,UNSW AUSTRALIA,human,public,"sra,fastq","gs,ncbi,s3","s3.us-east-1,ncbi.public,gs.US",1/5/2021,12/30/2020,8/5/2020,8/3/2020,ERX4346016,SAMEA7116439,UNSW Australia,UNSW Australia,2020-12-30T18:38:18Z,2020-08-03T15:19:34Z,public,Illumina MiSeq,unspecified,PAIRED,PCR,METAGENOMIC,Homo sapiens,ILLUMINA,2021-01-06T00:00:00Z,SAMEA7116439,PHA2016012V,ERS4876982,ERP123248,PHA2016012V,Vagina,FALSE
ERR4403706,AMPLICON,501,477050379,PRJEB39698,SAMEA7116440,250740108,UNSW AUSTRALIA,human,public,"sra,fastq","s3,ncbi,gs","ncbi.public,s3.us-east-1,gs.US",1/5/2021,12/30/2020,8/5/2020,8/3/2020,ERX4346017,SAMEA7116440,UNSW Australia,UNSW Australia,2020-12-30T18:38:18Z,2020-08-03T15:19:34Z,public,Illumina MiSeq,unspecified,PAIRED,PCR,METAGENOMIC,Homo sapiens,ILLUMINA,2021-01-06T00:00:00Z,SAMEA7116440,PHA2016013V,ERS4876983,ERP123248,PHA2016013V,Vagina,FALSE
ERR4403707,AMPLICON,501,11851104,PRJEB39698,SAMEA7116441,7401856,UNSW AUSTRALIA,human,public,"sra,fastq","s3,gs,ncbi","s3.us-east-1,gs.US,ncbi.public",1/5/2021,12/30/2020,8/5/2020,8/3/2020,ERX4346018,SAMEA7116441,UNSW Australia,UNSW Australia,2020-12-30T18:38:18Z,2020-08-03T15:19:34Z,public,Illumina MiSeq,unspecified,PAIRED,PCR,METAGENOMIC,Homo sapiens,ILLUMINA,2021-01-06T00:00:00Z,SAMEA7116441,PHA2016014P-1,ERS4876984,ERP123248,PHA2016014P-1,Placenta,FALSE
ERR4403708,AMPLICON,500,22553549,PRJEB39698,SAMEA7116442,14606730,UNSW AUSTRALIA,human,public,"sra,fastq","s3,ncbi,gs","s3.us-east-1,ncbi.public,gs.US",1/5/2021,12/30/2020,8/5/2020,8/3/2020,ERX4346019,SAMEA7116442,UNSW Australia,UNSW Australia,2020-12-30T18:38:18Z,2020-08-03T15:19:34Z,public,Illumina MiSeq,unspecified,PAIRED,PCR,METAGENOMIC,Homo sapiens,ILLUMINA,2021-01-06T00:00:00Z,SAMEA7116442,PHA2016014P-2,ERS4876985,ERP123248,PHA2016014P-2,Placenta,FALSE
ERR4403709,AMPLICON,501,128348700,PRJEB39698,SAMEA7116443,79176221,UNSW AUSTRALIA,human,public,"sra,fastq","ncbi,gs,s3","ncbi.public,gs.US,s3.us-east-1",1/5/2021,12/30/2020,8/5/2020,8/3/2020,ERX4346020,SAMEA7116443,UNSW Australia,UNSW Australia,2020-12-30T18:38:18Z,2020-08-03T15:19:34Z,public,Illumina MiSeq,unspecified,PAIRED,PCR,METAGENOMIC,Homo sapiens,ILLUMINA,2021-01-06T00:00:00Z,SAMEA7116443,PHA2016014V,ERS4876986,ERP123248,PHA2016014V,Vagina,FALSE
ERR4403710,AMPLICON,501,80216533,PRJEB39698,SAMEA7116444,52974035,UNSW AUSTRALIA,human,public,"sra,fastq","gs,s3,ncbi","ncbi.public,gs.US,s3.us-east-1",1/5/2021,12/30/2020,8/5/2020,8/3/2020,ERX4346021,SAMEA7116444,UNSW Australia,UNSW Australia,2020-12-30T18:38:18Z,2020-08-03T15:19:34Z,public,Illumina MiSeq,unspecified,PAIRED,PCR,METAGENOMIC,Homo sapiens,ILLUMINA,2021-01-06T00:00:00Z,SAMEA7116444,PHA2016015P-1,ERS4876987,ERP123248,PHA2016015P-1,Placenta,FALSE
ERR4403711,AMPLICON,501,19320553,PRJEB39698,SAMEA7116445,12667355,UNSW AUSTRALIA,human,public,"sra,fastq","gs,s3,ncbi","gs.US,s3.us-east-1,ncbi.public",1/5/2021,12/30/2020,8/5/2020,8/3/2020,ERX4346022,SAMEA7116445,UNSW Australia,UNSW Australia,2020-12-30T18:38:18Z,2020-08-03T15:19:34Z,public,Illumina MiSeq,unspecified,PAIRED,PCR,METAGENOMIC,Homo sapiens,ILLUMINA,2021-01-06T00:00:00Z,SAMEA7116445,PHA2016015P-2,ERS4876988,ERP123248,PHA2016015P-2,Placenta,FALSE
ERR4403712,AMPLICON,501,49979339,PRJEB39698,SAMEA7116446,29953143,UNSW AUSTRALIA,human,public,"sra,fastq","s3,gs,ncbi","s3.us-east-1,ncbi.public,gs.US",1/5/2021,12/30/2020,8/5/2020,8/3/2020,ERX4346023,SAMEA7116446,UNSW Australia,UNSW Australia,2020-12-30T18:38:18Z,2020-08-03T15:19:34Z,public,Illumina MiSeq,unspecified,PAIRED,PCR,METAGENOMIC,Homo sapiens,ILLUMINA,2021-01-06T00:00:00Z,SAMEA7116446,PHA2016015V,ERS4876989,ERP123248,PHA2016015V,Vagina,FALSE
ERR4403713,AMPLICON,501,50080019,PRJEB39698,SAMEA7116447,32710228,UNSW AUSTRALIA,human,public,"sra,fastq","s3,gs,ncbi","s3.us-east-1,ncbi.public,gs.US",1/5/2021,12/30/2020,8/5/2020,8/3/2020,ERX4346024,SAMEA7116447,UNSW Australia,UNSW Australia,2020-12-30T18:38:18Z,2020-08-03T15:19:34Z,public,Illumina MiSeq,unspecified,PAIRED,PCR,METAGENOMIC,Homo sapiens,ILLUMINA,2021-01-06T00:00:00Z,SAMEA7116447,PHA2016016P-1,ERS4876990,ERP123248,PHA2016016P-1,Placenta,FALSE
ERR4403714,AMPLICON,501,22821162,PRJEB39698,SAMEA7116448,14431621,UNSW AUSTRALIA,human,public,"fastq,sra","s3,ncbi,gs","gs.US,s3.us-east-1,ncbi.public",1/5/2021,12/30/2020,8/5/2020,8/3/2020,ERX4346025,SAMEA7116448,UNSW Australia,UNSW Australia,2020-12-30T18:38:18Z,2020-08-03T15:19:34Z,public,Illumina MiSeq,unspecified,PAIRED,PCR,METAGENOMIC,Homo sapiens,ILLUMINA,2021-01-06T00:00:00Z,SAMEA7116448,PHA2016016P-2,ERS4876991,ERP123248,PHA2016016P-2,Placenta,FALSE
ERR4403715,AMPLICON,501,120550176,PRJEB39698,SAMEA7116449,79860758,UNSW AUSTRALIA,human,public,"fastq,sra","ncbi,s3,gs","ncbi.public,s3.us-east-1,gs.US",1/5/2021,12/30/2020,8/5/2020,8/3/2020,ERX4346026,SAMEA7116449,UNSW Australia,UNSW Australia,2020-12-30T18:38:18Z,2020-08-03T15:19:34Z,public,Illumina MiSeq,unspecified,PAIRED,PCR,METAGENOMIC,Homo sapiens,ILLUMINA,2021-01-06T00:00:00Z,SAMEA7116449,PHA2016016V-1,ERS4876992,ERP123248,PHA2016016V-1,Vagina,FALSE
ERR4403717,AMPLICON,501,46859907,PRJEB39698,SAMEA7116451,27672585,UNSW AUSTRALIA,human,public,"fastq,sra","ncbi,gs,s3","gs.US,ncbi.public,s3.us-east-1",1/5/2021,12/30/2020,8/5/2020,8/3/2020,ERX4346028,SAMEA7116451,UNSW Australia,UNSW Australia,2020-12-30T18:38:18Z,2020-08-03T15:19:34Z,public,Illumina MiSeq,unspecified,PAIRED,PCR,METAGENOMIC,Homo sapiens,ILLUMINA,2021-01-06T00:00:00Z,SAMEA7116451,PHA2016017P-1,ERS4876994,ERP123248,PHA2016017P-1,Placenta,FALSE
ERR4403718,AMPLICON,501,49437081,PRJEB39698,SAMEA7116452,29406259,UNSW AUSTRALIA,human,public,"fastq,sra","gs,ncbi,s3","gs.US,ncbi.public,s3.us-east-1",1/5/2021,12/30/2020,8/5/2020,8/3/2020,ERX4346029,SAMEA7116452,UNSW Australia,UNSW Australia,2020-12-30T18:38:18Z,2020-08-03T15:19:34Z,public,Illumina MiSeq,unspecified,PAIRED,PCR,METAGENOMIC,Homo sapiens,ILLUMINA,2021-01-06T00:00:00Z,SAMEA7116452,PHA2016017P-2,ERS4876995,ERP123248,PHA2016017P-2,Placenta,FALSE
ERR4403719,AMPLICON,501,81849187,PRJEB39698,SAMEA7116453,54130735,UNSW AUSTRALIA,human,public,"fastq,sra","gs,s3,ncbi","gs.US,ncbi.public,s3.us-east-1",1/5/2021,12/30/2020,8/5/2020,8/3/2020,ERX4346030,SAMEA7116453,UNSW Australia,UNSW Australia,2020-12-30T18:38:18Z,2020-08-03T15:19:34Z,public,Illumina MiSeq,unspecified,PAIRED,PCR,METAGENOMIC,Homo sapiens,ILLUMINA,2021-01-06T00:00:00Z,SAMEA7116453,PHA2016017V,ERS4876996,ERP123248,PHA2016017V,Vagina,FALSE
ERR4403720,AMPLICON,501,69288605,PRJEB39698,SAMEA7116454,42369256,UNSW AUSTRALIA,human,public,"fastq,sra","s3,gs,ncbi","gs.US,s3.us-east-1,ncbi.public",1/5/2021,12/30/2020,8/5/2020,8/3/2020,ERX4346031,SAMEA7116454,UNSW Australia,UNSW Australia,2020-12-30T18:38:18Z,2020-08-03T15:19:34Z,public,Illumina MiSeq,unspecified,PAIRED,PCR,METAGENOMIC,Homo sapiens,ILLUMINA,2021-01-06T00:00:00Z,SAMEA7116454,PHA2016018P-1,ERS4876997,ERP123248,PHA2016018P-1,Placenta,FALSE
ERR4403721,AMPLICON,501,11977782,PRJEB39698,SAMEA7116455,6704552,UNSW AUSTRALIA,human,public,"fastq,sra","s3,ncbi,gs","s3.us-east-1,gs.US,ncbi.public",1/5/2021,12/30/2020,8/5/2020,8/3/2020,ERX4346032,SAMEA7116455,UNSW Australia,UNSW Australia,2020-12-30T18:38:18Z,2020-08-03T15:19:34Z,public,Illumina MiSeq,unspecified,PAIRED,PCR,METAGENOMIC,Homo sapiens,ILLUMINA,2021-01-06T00:00:00Z,SAMEA7116455,PHA2016018P-2,ERS4876998,ERP123248,PHA2016018P-2,Placenta,FALSE
ERR4403722,AMPLICON,501,88635070,PRJEB39698,SAMEA7116456,56374256,UNSW AUSTRALIA,human,public,"fastq,sra","ncbi,gs,s3","gs.US,ncbi.public,s3.us-east-1",1/5/2021,12/30/2020,8/5/2020,8/3/2020,ERX4346033,SAMEA7116456,UNSW Australia,UNSW Australia,2020-12-30T18:38:18Z,2020-08-03T15:19:34Z,public,Illumina MiSeq,unspecified,PAIRED,PCR,METAGENOMIC,Homo sapiens,ILLUMINA,2021-01-06T00:00:00Z,SAMEA7116456,PHA2016018V-1,ERS4876999,ERP123248,PHA2016018V-1,Vagina,FALSE
ERR4403723,AMPLICON,501,91121935,PRJEB39698,SAMEA7116457,57538388,UNSW AUSTRALIA,human,public,"sra,fastq","s3,gs,ncbi","gs.US,ncbi.public,s3.us-east-1",1/5/2021,12/30/2020,8/5/2020,8/3/2020,ERX4346034,SAMEA7116457,UNSW Australia,UNSW Australia,2020-12-30T18:38:18Z,2020-08-03T15:19:34Z,public,Illumina MiSeq,unspecified,PAIRED,PCR,METAGENOMIC,Homo sapiens,ILLUMINA,2021-01-06T00:00:00Z,SAMEA7116457,PHA2016018V-2,ERS4877000,ERP123248,PHA2016018V-2,Vagina,FALSE
ERR4403724,AMPLICON,501,65365804,PRJEB39698,SAMEA7116458,41336284,UNSW AUSTRALIA,human,public,"fastq,sra","ncbi,gs,s3","gs.US,ncbi.public,s3.us-east-1",1/5/2021,12/30/2020,8/5/2020,8/3/2020,ERX4346035,SAMEA7116458,UNSW Australia,UNSW Australia,2020-12-30T18:38:18Z,2020-08-03T15:19:34Z,public,Illumina MiSeq,unspecified,PAIRED,PCR,METAGENOMIC,Homo sapiens,ILLUMINA,2021-01-06T00:00:00Z,SAMEA7116458,PHA2016019P-1,ERS4877001,ERP123248,PHA2016019P-1,Placenta,FALSE
ERR4403725,AMPLICON,501,90745107,PRJEB39698,SAMEA7116459,56628222,UNSW AUSTRALIA,human,public,"sra,fastq","ncbi,gs,s3","gs.US,ncbi.public,s3.us-east-1",1/5/2021,12/30/2020,8/5/2020,8/3/2020,ERX4346036,SAMEA7116459,UNSW Australia,UNSW Australia,2020-12-30T18:38:18Z,2020-08-03T15:19:34Z,public,Illumina MiSeq,unspecified,PAIRED,PCR,METAGENOMIC,Homo sapiens,ILLUMINA,2021-01-06T00:00:00Z,SAMEA7116459,PHA2016019P-2,ERS4877002,ERP123248,PHA2016019P-2,Placenta,FALSE
ERR4403726,AMPLICON,501,138322629,PRJEB39698,SAMEA7116460,86024587,UNSW AUSTRALIA,human,public,"sra,fastq","ncbi,gs,s3","gs.US,ncbi.public,s3.us-east-1",1/5/2021,12/30/2020,8/5/2020,8/3/2020,ERX4346037,SAMEA7116460,UNSW Australia,UNSW Australia,2020-12-30T18:38:18Z,2020-08-03T15:19:34Z,public,Illumina MiSeq,unspecified,PAIRED,PCR,METAGENOMIC,Homo sapiens,ILLUMINA,2021-01-06T00:00:00Z,SAMEA7116460,PHA2016019V-1,ERS4877003,ERP123248,PHA2016019V-1,Vagina,FALSE
ERR4403727,AMPLICON,501,72675276,PRJEB39698,SAMEA7116461,43949172,UNSW AUSTRALIA,human,public,"sra,fastq","s3,gs,ncbi","gs.US,s3.us-east-1,ncbi.public",1/5/2021,12/30/2020,8/5/2020,8/3/2020,ERX4346038,SAMEA7116461,UNSW Australia,UNSW Australia,2020-12-30T18:38:18Z,2020-08-03T15:19:34Z,public,Illumina MiSeq,unspecified,PAIRED,PCR,METAGENOMIC,Homo sapiens,ILLUMINA,2021-01-06T00:00:00Z,SAMEA7116461,PHA2016019V-2,ERS4877004,ERP123248,PHA2016019V-2,Vagina,FALSE
ERR4403728,AMPLICON,501,10772605,PRJEB39698,SAMEA7116462,6968531,UNSW AUSTRALIA,human,public,"sra,fastq","s3,ncbi,gs","s3.us-east-1,gs.US,ncbi.public",1/5/2021,12/30/2020,8/5/2020,8/3/2020,ERX4346039,SAMEA7116462,UNSW Australia,UNSW Australia,2020-12-30T18:38:18Z,2020-08-03T15:19:34Z,public,Illumina MiSeq,unspecified,PAIRED,PCR,METAGENOMIC,Homo sapiens,ILLUMINA,2021-01-06T00:00:00Z,SAMEA7116462,PHA2016020P-1,ERS4877005,ERP123248,PHA2016020P-1,Placenta,FALSE
ERR4403729,AMPLICON,501,10605280,PRJEB39698,SAMEA7116463,6011982,UNSW AUSTRALIA,human,public,"fastq,sra","gs,ncbi,s3","s3.us-east-1,gs.US,ncbi.public",1/5/2021,12/30/2020,8/5/2020,8/3/2020,ERX4346040,SAMEA7116463,UNSW Australia,UNSW Australia,2020-12-30T18:38:18Z,2020-08-03T15:19:34Z,public,Illumina MiSeq,unspecified,PAIRED,PCR,METAGENOMIC,Homo sapiens,ILLUMINA,2021-01-06T00:00:00Z,SAMEA7116463,PHA2016020P-2,ERS4877006,ERP123248,PHA2016020P-2,Placenta,FALSE
ERR4403730,AMPLICON,501,118813087,PRJEB39698,SAMEA7116464,69266479,UNSW AUSTRALIA,human,public,"fastq,sra","ncbi,gs,s3","gs.US,ncbi.public,s3.us-east-1",1/5/2021,12/30/2020,8/5/2020,8/3/2020,ERX4346041,SAMEA7116464,UNSW Australia,UNSW Australia,2020-12-30T18:38:18Z,2020-08-03T15:19:34Z,public,Illumina MiSeq,unspecified,PAIRED,PCR,METAGENOMIC,Homo sapiens,ILLUMINA,2021-01-06T00:00:00Z,SAMEA7116464,PHA2016020V,ERS4877007,ERP123248,PHA2016020V,Vagina,FALSE
ERR4403731,AMPLICON,501,14627341,PRJEB39698,SAMEA7116465,8173463,UNSW AUSTRALIA,human,public,"fastq,sra","gs,ncbi,s3","ncbi.public,gs.US,s3.us-east-1",1/5/2021,12/30/2020,8/5/2020,8/3/2020,ERX4346042,SAMEA7116465,UNSW Australia,UNSW Australia,2020-12-30T18:38:18Z,2020-08-03T15:19:34Z,public,Illumina MiSeq,unspecified,PAIRED,PCR,METAGENOMIC,Homo sapiens,ILLUMINA,2021-01-06T00:00:00Z,SAMEA7116465,PHA2016021P-1,ERS4877008,ERP123248,PHA2016021P-1,Placenta,FALSE
ERR4403732,AMPLICON,500,24758126,PRJEB39698,SAMEA7116466,14194271,UNSW AUSTRALIA,human,public,"sra,fastq","s3,gs,ncbi","s3.us-east-1,gs.US,ncbi.public",1/5/2021,12/30/2020,8/5/2020,8/3/2020,ERX4346043,SAMEA7116466,UNSW Australia,UNSW Australia,2020-12-30T18:38:18Z,2020-08-03T15:19:34Z,public,Illumina MiSeq,unspecified,PAIRED,PCR,METAGENOMIC,Homo sapiens,ILLUMINA,2021-01-06T00:00:00Z,SAMEA7116466,PHA2016021P-2,ERS4877009,ERP123248,PHA2016021P-2,Placenta,FALSE
ERR4403733,AMPLICON,501,39396965,PRJEB39698,SAMEA7116467,22785486,UNSW AUSTRALIA,human,public,"sra,fastq","ncbi,gs,s3","gs.US,ncbi.public,s3.us-east-1",1/5/2021,12/30/2020,8/5/2020,8/3/2020,ERX4346044,SAMEA7116467,UNSW Australia,UNSW Australia,2020-12-30T18:38:18Z,2020-08-03T15:19:34Z,public,Illumina MiSeq,unspecified,PAIRED,PCR,METAGENOMIC,Homo sapiens,ILLUMINA,2021-01-06T00:00:00Z,SAMEA7116467,PHA2016021V,ERS4877010,ERP123248,PHA2016021V,Vagina,FALSE
ERR4403734,AMPLICON,501,10617112,PRJEB39698,SAMEA7116468,6395890,UNSW AUSTRALIA,human,public,"fastq,sra","gs,s3,ncbi","gs.US,ncbi.public,s3.us-east-1",1/5/2021,12/30/2020,8/5/2020,8/3/2020,ERX4346045,SAMEA7116468,UNSW Australia,UNSW Australia,2020-12-30T18:38:18Z,2020-08-03T15:19:34Z,public,Illumina MiSeq,unspecified,PAIRED,PCR,METAGENOMIC,Homo sapiens,ILLUMINA,2021-01-06T00:00:00Z,SAMEA7116468,PHA2016022P-1,ERS4877011,ERP123248,PHA2016022P-1,Placenta,FALSE
ERR4403735,AMPLICON,501,20001387,PRJEB39698,SAMEA7116469,11355192,UNSW AUSTRALIA,human,public,"fastq,sra","s3,ncbi,gs","ncbi.public,gs.US,s3.us-east-1",1/5/2021,12/30/2020,8/5/2020,8/3/2020,ERX4346046,SAMEA7116469,UNSW Australia,UNSW Australia,2020-12-30T18:38:18Z,2020-08-03T15:19:34Z,public,Illumina MiSeq,unspecified,PAIRED,PCR,METAGENOMIC,Homo sapiens,ILLUMINA,2021-01-06T00:00:00Z,SAMEA7116469,PHA2016022P-2,ERS4877012,ERP123248,PHA2016022P-2,Placenta,FALSE
ERR4403736,AMPLICON,501,25415232,PRJEB39698,SAMEA7116470,15453119,UNSW AUSTRALIA,human,public,"sra,fastq","s3,ncbi,gs","gs.US,ncbi.public,s3.us-east-1",1/5/2021,12/30/2020,8/5/2020,8/3/2020,ERX4346047,SAMEA7116470,UNSW Australia,UNSW Australia,2020-12-30T18:38:18Z,2020-08-03T15:19:34Z,public,Illumina MiSeq,unspecified,PAIRED,PCR,METAGENOMIC,Homo sapiens,ILLUMINA,2021-01-06T00:00:00Z,SAMEA7116470,PHA2016022V,ERS4877013,ERP123248,PHA2016022V,Vagina,FALSE
ERR4403737,AMPLICON,501,28243935,PRJEB39698,SAMEA7116471,16328618,UNSW AUSTRALIA,human,public,"sra,fastq","ncbi,gs,s3","ncbi.public,gs.US,s3.us-east-1",1/5/2021,12/30/2020,8/5/2020,8/3/2020,ERX4346048,SAMEA7116471,UNSW Australia,UNSW Australia,2020-12-30T18:38:18Z,2020-08-03T15:19:34Z,public,Illumina MiSeq,unspecified,PAIRED,PCR,METAGENOMIC,Homo sapiens,ILLUMINA,2021-01-06T00:00:00Z,SAMEA7116471,PHA2016023P-1,ERS4877014,ERP123248,PHA2016023P-1,Placenta,FALSE
ERR4403738,AMPLICON,501,32832891,PRJEB39698,SAMEA7116472,19192148,UNSW AUSTRALIA,human,public,"sra,fastq","gs,ncbi,s3","ncbi.public,s3.us-east-1,gs.US",1/5/2021,12/30/2020,8/5/2020,8/3/2020,ERX4346049,SAMEA7116472,UNSW Australia,UNSW Australia,2020-12-30T18:38:18Z,2020-08-03T15:19:34Z,public,Illumina MiSeq,unspecified,PAIRED,PCR,METAGENOMIC,Homo sapiens,ILLUMINA,2021-01-06T00:00:00Z,SAMEA7116472,PHA2016023P-2,ERS4877015,ERP123248,PHA2016023P-2,Placenta,FALSE
ERR4403739,AMPLICON,501,101389644,PRJEB39698,SAMEA7116473,63362746,UNSW AUSTRALIA,human,public,"fastq,sra","s3,gs,ncbi","gs.US,s3.us-east-1,ncbi.public",1/5/2021,12/30/2020,8/5/2020,8/3/2020,ERX4346050,SAMEA7116473,UNSW Australia,UNSW Australia,2020-12-30T18:38:18Z,2020-08-03T15:19:34Z,public,Illumina MiSeq,unspecified,PAIRED,PCR,METAGENOMIC,Homo sapiens,ILLUMINA,2021-01-06T00:00:00Z,SAMEA7116473,PHA2016023V,ERS4877016,ERP123248,PHA2016023V,Vagina,FALSE
ERR4403740,AMPLICON,501,13554265,PRJEB39698,SAMEA7116474,7429001,UNSW AUSTRALIA,human,public,"fastq,sra","ncbi,gs,s3","gs.US,ncbi.public,s3.us-east-1",1/5/2021,12/30/2020,8/5/2020,8/3/2020,ERX4346051,SAMEA7116474,UNSW Australia,UNSW Australia,2020-12-30T18:38:18Z,2020-08-03T15:19:34Z,public,Illumina MiSeq,unspecified,PAIRED,PCR,METAGENOMIC,Homo sapiens,ILLUMINA,2021-01-06T00:00:00Z,SAMEA7116474,PHA2016024P-1,ERS4877017,ERP123248,PHA2016024P-1,Placenta,FALSE
ERR4403741,AMPLICON,501,66207385,PRJEB39698,SAMEA7116475,37397616,UNSW AUSTRALIA,human,public,"fastq,sra","gs,s3,ncbi","gs.US,ncbi.public,s3.us-east-1",1/5/2021,12/30/2020,8/5/2020,8/3/2020,ERX4346052,SAMEA7116475,UNSW Australia,UNSW Australia,2020-12-30T18:38:18Z,2020-08-03T15:19:34Z,public,Illumina MiSeq,unspecified,PAIRED,PCR,METAGENOMIC,Homo sapiens,ILLUMINA,2021-01-06T00:00:00Z,SAMEA7116475,PHA2016024P-2,ERS4877018,ERP123248,PHA2016024P-2,Placenta,FALSE
ERR4403742,AMPLICON,501,13326476,PRJEB39698,SAMEA7116476,7657950,UNSW AUSTRALIA,human,public,"fastq,sra","s3,gs,ncbi","ncbi.public,s3.us-east-1,gs.US",1/5/2021,12/30/2020,8/5/2020,8/3/2020,ERX4346053,SAMEA7116476,UNSW Australia,UNSW Australia,2020-12-30T18:38:18Z,2020-08-03T15:19:34Z,public,Illumina MiSeq,unspecified,PAIRED,PCR,METAGENOMIC,Homo sapiens,ILLUMINA,2021-01-06T00:00:00Z,SAMEA7116476,PHA2016024V,ERS4877019,ERP123248,PHA2016024V,Vagina,FALSE
ERR4403743,AMPLICON,501,22396990,PRJEB39698,SAMEA7116477,13990071,UNSW AUSTRALIA,human,public,"sra,fastq","s3,ncbi,gs","gs.US,ncbi.public,s3.us-east-1",1/5/2021,12/30/2020,8/5/2020,8/3/2020,ERX4346054,SAMEA7116477,UNSW Australia,UNSW Australia,2020-12-30T18:38:18Z,2020-08-03T15:19:34Z,public,Illumina MiSeq,unspecified,PAIRED,PCR,METAGENOMIC,Homo sapiens,ILLUMINA,2021-01-06T00:00:00Z,SAMEA7116477,PHN2016001P-1,ERS4877020,ERP123248,PHN2016001P-1,Placenta,FALSE
ERR4403744,AMPLICON,501,333777,PRJEB39698,SAMEA7116478,271259,UNSW AUSTRALIA,human,public,"sra,fastq","ncbi,gs,s3","ncbi.public,s3.us-east-1,gs.US",1/5/2021,12/30/2020,8/5/2020,8/3/2020,ERX4346055,SAMEA7116478,UNSW Australia,UNSW Australia,2020-12-30T18:38:18Z,2020-08-03T15:19:34Z,public,Illumina MiSeq,unspecified,PAIRED,PCR,METAGENOMIC,Homo sapiens,ILLUMINA,2021-01-06T00:00:00Z,SAMEA7116478,PHN2016001P-2,ERS4877021,ERP123248,PHN2016001P-2,Placenta,FALSE
ERR4403746,AMPLICON,501,16534393,PRJEB39698,SAMEA7116480,9996007,UNSW AUSTRALIA,human,public,"fastq,sra","gs,ncbi,s3","gs.US,ncbi.public,s3.us-east-1",1/5/2021,12/30/2020,8/5/2020,8/3/2020,ERX4346057,SAMEA7116480,UNSW Australia,UNSW Australia,2020-12-30T18:38:18Z,2020-08-03T15:19:34Z,public,Illumina MiSeq,unspecified,PAIRED,PCR,METAGENOMIC,Homo sapiens,ILLUMINA,2021-01-06T00:00:00Z,SAMEA7116480,PHN2016002P-1,ERS4877023,ERP123248,PHN2016002P-1,Placenta,FALSE
ERR4403747,AMPLICON,501,17277784,PRJEB39698,SAMEA7116481,9453150,UNSW AUSTRALIA,human,public,"fastq,sra","ncbi,gs,s3","s3.us-east-1,ncbi.public,gs.US",1/5/2021,12/30/2020,8/5/2020,8/3/2020,ERX4346058,SAMEA7116481,UNSW Australia,UNSW Australia,2020-12-30T18:38:18Z,2020-08-03T15:19:34Z,public,Illumina MiSeq,unspecified,PAIRED,PCR,METAGENOMIC,Homo sapiens,ILLUMINA,2021-01-06T00:00:00Z,SAMEA7116481,PHN2016002P-2,ERS4877024,ERP123248,PHN2016002P-2,Placenta,FALSE
ERR4403748,AMPLICON,501,93075628,PRJEB39698,SAMEA7116482,59164049,UNSW AUSTRALIA,human,public,"fastq,sra","s3,gs,ncbi","s3.us-east-1,gs.US,ncbi.public",1/5/2021,12/30/2020,8/5/2020,8/3/2020,ERX4346059,SAMEA7116482,UNSW Australia,UNSW Australia,2020-12-30T18:38:18Z,2020-08-03T15:19:34Z,public,Illumina MiSeq,unspecified,PAIRED,PCR,METAGENOMIC,Homo sapiens,ILLUMINA,2021-01-06T00:00:00Z,SAMEA7116482,PHN2016002V,ERS4877025,ERP123248,PHN2016002V,Vagina,FALSE
ERR4403749,AMPLICON,501,10198331,PRJEB39698,SAMEA7116483,6174538,UNSW AUSTRALIA,human,public,"sra,fastq","gs,s3,ncbi","s3.us-east-1,ncbi.public,gs.US",1/5/2021,12/30/2020,8/5/2020,8/3/2020,ERX4346060,SAMEA7116483,UNSW Australia,UNSW Australia,2020-12-30T18:38:18Z,2020-08-03T15:19:34Z,public,Illumina MiSeq,unspecified,PAIRED,PCR,METAGENOMIC,Homo sapiens,ILLUMINA,2021-01-06T00:00:00Z,SAMEA7116483,PHN2016003P-1,ERS4877026,ERP123248,PHN2016003P-1,Placenta,FALSE
ERR4403750,AMPLICON,501,38319143,PRJEB39698,SAMEA7116484,22215374,UNSW AUSTRALIA,human,public,"fastq,sra","gs,s3,ncbi","gs.US,ncbi.public,s3.us-east-1",1/5/2021,12/30/2020,8/5/2020,8/3/2020,ERX4346061,SAMEA7116484,UNSW Australia,UNSW Australia,2020-12-30T18:38:18Z,2020-08-03T15:19:34Z,public,Illumina MiSeq,unspecified,PAIRED,PCR,METAGENOMIC,Homo sapiens,ILLUMINA,2021-01-06T00:00:00Z,SAMEA7116484,PHN2016003P-2,ERS4877027,ERP123248,PHN2016003P-2,Placenta,FALSE
ERR4403751,AMPLICON,501,24958884,PRJEB39698,SAMEA7116485,13917671,UNSW AUSTRALIA,human,public,"fastq,sra","s3,gs,ncbi","gs.US,ncbi.public,s3.us-east-1",1/5/2021,12/30/2020,8/5/2020,8/3/2020,ERX4346062,SAMEA7116485,UNSW Australia,UNSW Australia,2020-12-30T18:38:18Z,2020-08-03T15:19:34Z,public,Illumina MiSeq,unspecified,PAIRED,PCR,METAGENOMIC,Homo sapiens,ILLUMINA,2021-01-06T00:00:00Z,SAMEA7116485,PHN2016003V,ERS4877028,ERP123248,PHN2016003V,Vagina,FALSE
ERR4403752,AMPLICON,501,4830055,PRJEB39698,SAMEA7116486,2942772,UNSW AUSTRALIA,human,public,"sra,fastq","s3,gs,ncbi","gs.US,ncbi.public,s3.us-east-1",1/5/2021,12/30/2020,8/5/2020,8/3/2020,ERX4346063,SAMEA7116486,UNSW Australia,UNSW Australia,2020-12-30T18:38:18Z,2020-08-03T15:19:34Z,public,Illumina MiSeq,unspecified,PAIRED,PCR,METAGENOMIC,Homo sapiens,ILLUMINA,2021-01-06T00:00:00Z,SAMEA7116486,PHN2016004P-1,ERS4877029,ERP123248,PHN2016004P-1,Placenta,FALSE
ERR4403753,AMPLICON,501,27246671,PRJEB39698,SAMEA7116487,16392375,UNSW AUSTRALIA,human,public,"sra,fastq","gs,s3,ncbi","s3.us-east-1,ncbi.public,gs.US",1/5/2021,12/30/2020,8/5/2020,8/3/2020,ERX4346064,SAMEA7116487,UNSW Australia,UNSW Australia,2020-12-30T18:38:18Z,2020-08-03T15:19:34Z,public,Illumina MiSeq,unspecified,PAIRED,PCR,METAGENOMIC,Homo sapiens,ILLUMINA,2021-01-06T00:00:00Z,SAMEA7116487,PHN2016004P-2,ERS4877030,ERP123248,PHN2016004P-2,Placenta,FALSE
ERR4403754,AMPLICON,501,80289024,PRJEB39698,SAMEA7116488,48371223,UNSW AUSTRALIA,human,public,"sra,fastq","gs,ncbi,s3","ncbi.public,s3.us-east-1,gs.US",1/5/2021,12/30/2020,8/5/2020,8/3/2020,ERX4346065,SAMEA7116488,UNSW Australia,UNSW Australia,2020-12-30T18:38:18Z,2020-08-03T15:19:34Z,public,Illumina MiSeq,unspecified,PAIRED,PCR,METAGENOMIC,Homo sapiens,ILLUMINA,2021-01-06T00:00:00Z,SAMEA7116488,PHN2016004V,ERS4877031,ERP123248,PHN2016004V,Vagina,FALSE
ERR4403755,AMPLICON,501,7641357,PRJEB39698,SAMEA7116489,4612968,UNSW AUSTRALIA,human,public,"fastq,sra","s3,gs,ncbi","ncbi.public,gs.US,s3.us-east-1",1/5/2021,12/30/2020,8/5/2020,8/3/2020,ERX4346066,SAMEA7116489,UNSW Australia,UNSW Australia,2020-12-30T18:38:18Z,2020-08-03T15:19:34Z,public,Illumina MiSeq,unspecified,PAIRED,PCR,METAGENOMIC,Homo sapiens,ILLUMINA,2021-01-06T00:00:00Z,SAMEA7116489,PHN2016005P-1,ERS4877032,ERP123248,PHN2016005P-1,Placenta,FALSE
ERR4403756,AMPLICON,501,115232157,PRJEB39698,SAMEA7116490,70827099,UNSW AUSTRALIA,human,public,"fastq,sra","ncbi,s3,gs","s3.us-east-1,ncbi.public,gs.US",1/5/2021,12/30/2020,8/5/2020,8/3/2020,ERX4346067,SAMEA7116490,UNSW Australia,UNSW Australia,2020-12-30T18:38:18Z,2020-08-03T15:19:34Z,public,Illumina MiSeq,unspecified,PAIRED,PCR,METAGENOMIC,Homo sapiens,ILLUMINA,2021-01-06T00:00:00Z,SAMEA7116490,PHN2016005P-2,ERS4877033,ERP123248,PHN2016005P-2,Placenta,FALSE
ERR4403757,AMPLICON,501,43201275,PRJEB39698,SAMEA7116491,26678556,UNSW AUSTRALIA,human,public,"sra,fastq","gs,ncbi,s3","gs.US,s3.us-east-1,ncbi.public",1/5/2021,12/30/2020,8/5/2020,8/3/2020,ERX4346068,SAMEA7116491,UNSW Australia,UNSW Australia,2020-12-30T18:38:18Z,2020-08-03T15:19:35Z,public,Illumina MiSeq,unspecified,PAIRED,PCR,METAGENOMIC,Homo sapiens,ILLUMINA,2021-01-06T00:00:00Z,SAMEA7116491,PHN2016005V,ERS4877034,ERP123248,PHN2016005V,Vagina,FALSE
ERR4403758,AMPLICON,501,11016891,PRJEB39698,SAMEA7116492,6618630,UNSW AUSTRALIA,human,public,"fastq,sra","gs,s3,ncbi","ncbi.public,gs.US,s3.us-east-1",1/5/2021,12/30/2020,8/5/2020,8/3/2020,ERX4346069,SAMEA7116492,UNSW Australia,UNSW Australia,2020-12-30T18:38:18Z,2020-08-03T15:19:35Z,public,Illumina MiSeq,unspecified,PAIRED,PCR,METAGENOMIC,Homo sapiens,ILLUMINA,2021-01-06T00:00:00Z,SAMEA7116492,PHN2016006P-1,ERS4877035,ERP123248,PHN2016006P-1,Placenta,FALSE
ERR4403759,AMPLICON,501,17409396,PRJEB39698,SAMEA7116493,10295383,UNSW AUSTRALIA,human,public,"fastq,sra","ncbi,gs,s3","gs.US,ncbi.public,s3.us-east-1",1/5/2021,12/30/2020,8/5/2020,8/3/2020,ERX4346070,SAMEA7116493,UNSW Australia,UNSW Australia,2020-12-30T18:38:18Z,2020-08-03T15:19:35Z,public,Illumina MiSeq,unspecified,PAIRED,PCR,METAGENOMIC,Homo sapiens,ILLUMINA,2021-01-06T00:00:00Z,SAMEA7116493,PHN2016006P-2,ERS4877036,ERP123248,PHN2016006P-2,Placenta,FALSE
ERR4403760,AMPLICON,499,81945685,PRJEB39698,SAMEA7116494,53721978,UNSW AUSTRALIA,human,public,"fastq,sra","s3,gs,ncbi","s3.us-east-1,ncbi.public,gs.US",1/5/2021,12/30/2020,8/5/2020,8/3/2020,ERX4346071,SAMEA7116494,UNSW Australia,UNSW Australia,2020-12-30T18:38:18Z,2020-08-03T15:19:35Z,public,Illumina MiSeq,unspecified,PAIRED,PCR,METAGENOMIC,Homo sapiens,ILLUMINA,2021-01-06T00:00:00Z,SAMEA7116494,PHN2016006V,ERS4877037,ERP123248,PHN2016006V,Vagina,FALSE
ERR4403761,AMPLICON,501,22699641,PRJEB39698,SAMEA7116495,13679232,UNSW AUSTRALIA,human,public,"sra,fastq","gs,ncbi,s3","ncbi.public,s3.us-east-1,gs.US",1/5/2021,12/30/2020,8/5/2020,8/3/2020,ERX4346072,SAMEA7116495,UNSW Australia,UNSW Australia,2020-12-30T18:38:18Z,2020-08-03T15:19:35Z,public,Illumina MiSeq,unspecified,PAIRED,PCR,METAGENOMIC,Homo sapiens,ILLUMINA,2021-01-06T00:00:00Z,SAMEA7116495,PHN2016007P-1,ERS4877038,ERP123248,PHN2016007P-1,Placenta,FALSE
ERR4403762,AMPLICON,501,80220012,PRJEB39698,SAMEA7116496,47092537,UNSW AUSTRALIA,human,public,"sra,fastq","gs,ncbi,s3","gs.US,s3.us-east-1,ncbi.public",1/5/2021,12/30/2020,8/5/2020,8/3/2020,ERX4346073,SAMEA7116496,UNSW Australia,UNSW Australia,2020-12-30T18:38:18Z,2020-08-03T15:19:35Z,public,Illumina MiSeq,unspecified,PAIRED,PCR,METAGENOMIC,Homo sapiens,ILLUMINA,2021-01-06T00:00:00Z,SAMEA7116496,PHN2016007P-2,ERS4877039,ERP123248,PHN2016007P-2,Placenta,FALSE
ERR4403763,AMPLICON,501,38307454,PRJEB39698,SAMEA7116497,24188236,UNSW AUSTRALIA,human,public,"fastq,sra","gs,s3,ncbi","s3.us-east-1,ncbi.public,gs.US",1/5/2021,12/30/2020,8/5/2020,8/3/2020,ERX4346074,SAMEA7116497,UNSW Australia,UNSW Australia,2020-12-30T18:38:18Z,2020-08-03T15:19:35Z,public,Illumina MiSeq,unspecified,PAIRED,PCR,METAGENOMIC,Homo sapiens,ILLUMINA,2021-01-06T00:00:00Z,SAMEA7116497,PHN2016007V,ERS4877040,ERP123248,PHN2016007V,Vagina,FALSE
ERR4403764,AMPLICON,501,51586506,PRJEB39698,SAMEA7116498,30834306,UNSW AUSTRALIA,human,public,"sra,fastq","s3,gs,ncbi","s3.us-east-1,ncbi.public,gs.US",1/5/2021,12/30/2020,8/5/2020,8/3/2020,ERX4346075,SAMEA7116498,UNSW Australia,UNSW Australia,2020-12-30T18:38:18Z,2020-08-03T15:19:35Z,public,Illumina MiSeq,unspecified,PAIRED,PCR,METAGENOMIC,Homo sapiens,ILLUMINA,2021-01-06T00:00:00Z,SAMEA7116498,PHN2016008P-1,ERS4877041,ERP123248,PHN2016008P-1,Placenta,FALSE
ERR4403765,AMPLICON,501,13463453,PRJEB39698,SAMEA7116499,8481610,UNSW AUSTRALIA,human,public,"fastq,sra","ncbi,gs,s3","gs.US,ncbi.public,s3.us-east-1",1/5/2021,12/30/2020,8/5/2020,8/3/2020,ERX4346076,SAMEA7116499,UNSW Australia,UNSW Australia,2020-12-30T18:38:18Z,2020-08-03T15:19:35Z,public,Illumina MiSeq,unspecified,PAIRED,PCR,METAGENOMIC,Homo sapiens,ILLUMINA,2021-01-06T00:00:00Z,SAMEA7116499,PHN2016008P-2,ERS4877042,ERP123248,PHN2016008P-2,Placenta,FALSE
ERR4403766,AMPLICON,501,85628073,PRJEB39698,SAMEA7116500,53765046,UNSW AUSTRALIA,human,public,"sra,fastq","ncbi,gs,s3","gs.US,ncbi.public,s3.us-east-1",1/5/2021,12/30/2020,8/5/2020,8/3/2020,ERX4346077,SAMEA7116500,UNSW Australia,UNSW Australia,2020-12-30T18:38:18Z,2020-08-03T15:19:35Z,public,Illumina MiSeq,unspecified,PAIRED,PCR,METAGENOMIC,Homo sapiens,ILLUMINA,2021-01-06T00:00:00Z,SAMEA7116500,PHN2016008V,ERS4877043,ERP123248,PHN2016008V,Vagina,FALSE
ERR4403767,AMPLICON,501,73827896,PRJEB39698,SAMEA7116501,42928978,UNSW AUSTRALIA,human,public,"sra,fastq","ncbi,s3,gs","ncbi.public,s3.us-east-1,gs.US",1/5/2021,12/30/2020,8/5/2020,8/3/2020,ERX4346078,SAMEA7116501,UNSW Australia,UNSW Australia,2020-12-30T18:38:18Z,2020-08-03T15:19:35Z,public,Illumina MiSeq,unspecified,PAIRED,PCR,METAGENOMIC,Homo sapiens,ILLUMINA,2021-01-06T00:00:00Z,SAMEA7116501,PHN2016009P-1,ERS4877044,ERP123248,PHN2016009P-1,Placenta,FALSE
ERR4403768,AMPLICON,501,50922941,PRJEB39698,SAMEA7116502,29600409,UNSW AUSTRALIA,human,public,"fastq,sra","ncbi,s3,gs","ncbi.public,gs.US,s3.us-east-1",1/5/2021,12/30/2020,8/5/2020,8/3/2020,ERX4346079,SAMEA7116502,UNSW Australia,UNSW Australia,2020-12-30T18:38:18Z,2020-08-03T15:19:35Z,public,Illumina MiSeq,unspecified,PAIRED,PCR,METAGENOMIC,Homo sapiens,ILLUMINA,2021-01-06T00:00:00Z,SAMEA7116502,PHN2016009P-2,ERS4877045,ERP123248,PHN2016009P-2,Placenta,FALSE
ERR4403769,AMPLICON,501,26184762,PRJEB39698,SAMEA7116503,14567967,UNSW AUSTRALIA,human,public,"fastq,sra","gs,ncbi,s3","s3.us-east-1,ncbi.public,gs.US",1/5/2021,12/30/2020,8/5/2020,8/3/2020,ERX4346080,SAMEA7116503,UNSW Australia,UNSW Australia,2020-12-30T18:38:18Z,2020-08-03T15:19:35Z,public,Illumina MiSeq,unspecified,PAIRED,PCR,METAGENOMIC,Homo sapiens,ILLUMINA,2021-01-06T00:00:00Z,SAMEA7116503,PHN2016009V,ERS4877046,ERP123248,PHN2016009V,Vagina,FALSE
ERR4403770,AMPLICON,501,10701120,PRJEB39698,SAMEA7116504,6219976,UNSW AUSTRALIA,human,public,"fastq,sra","gs,s3,ncbi","gs.US,s3.us-east-1,ncbi.public",1/5/2021,12/30/2020,8/5/2020,8/3/2020,ERX4346081,SAMEA7116504,UNSW Australia,UNSW Australia,2020-12-30T18:38:18Z,2020-08-03T15:19:35Z,public,Illumina MiSeq,unspecified,PAIRED,PCR,METAGENOMIC,Homo sapiens,ILLUMINA,2021-01-06T00:00:00Z,SAMEA7116504,PHN2016010P-1,ERS4877047,ERP123248,PHN2016010P-1,Placenta,FALSE
ERR4403771,AMPLICON,501,18857412,PRJEB39698,SAMEA7116505,10857121,UNSW AUSTRALIA,human,public,"sra,fastq","ncbi,s3,gs","ncbi.public,gs.US,s3.us-east-1",1/5/2021,12/30/2020,8/5/2020,8/3/2020,ERX4346082,SAMEA7116505,UNSW Australia,UNSW Australia,2020-12-30T18:38:18Z,2020-08-03T15:19:35Z,public,Illumina MiSeq,unspecified,PAIRED,PCR,METAGENOMIC,Homo sapiens,ILLUMINA,2021-01-06T00:00:00Z,SAMEA7116505,PHN2016010P-2,ERS4877048,ERP123248,PHN2016010P-2,Placenta,FALSE
ERR4403772,AMPLICON,501,41620272,PRJEB39698,SAMEA7116506,25052029,UNSW AUSTRALIA,human,public,"sra,fastq","gs,s3,ncbi","gs.US,s3.us-east-1,ncbi.public",1/5/2021,12/30/2020,8/5/2020,8/3/2020,ERX4346083,SAMEA7116506,UNSW Australia,UNSW Australia,2020-12-30T18:38:18Z,2020-08-03T15:19:35Z,public,Illumina MiSeq,unspecified,PAIRED,PCR,METAGENOMIC,Homo sapiens,ILLUMINA,2021-01-06T00:00:00Z,SAMEA7116506,PHN2016010V,ERS4877049,ERP123248,PHN2016010V,Vagina,FALSE
ERR4403773,AMPLICON,501,21141148,PRJEB39698,SAMEA7116507,12868273,UNSW AUSTRALIA,human,public,"sra,fastq","s3,ncbi,gs","gs.US,ncbi.public,s3.us-east-1",1/5/2021,12/30/2020,8/5/2020,8/3/2020,ERX4346084,SAMEA7116507,UNSW Australia,UNSW Australia,2020-12-30T18:38:18Z,2020-08-03T15:19:35Z,public,Illumina MiSeq,unspecified,PAIRED,PCR,METAGENOMIC,Homo sapiens,ILLUMINA,2021-01-06T00:00:00Z,SAMEA7116507,PHN2016011P-1,ERS4877050,ERP123248,PHN2016011P-1,Placenta,FALSE
ERR4403775,AMPLICON,501,5586792,PRJEB39698,SAMEA7116509,3009793,UNSW AUSTRALIA,human,public,"sra,fastq","ncbi,gs,s3","ncbi.public,s3.us-east-1,gs.US",1/5/2021,12/30/2020,8/5/2020,8/3/2020,ERX4346086,SAMEA7116509,UNSW Australia,UNSW Australia,2020-12-30T18:38:18Z,2020-08-03T15:19:35Z,public,Illumina MiSeq,unspecified,PAIRED,PCR,METAGENOMIC,Homo sapiens,ILLUMINA,2021-01-06T00:00:00Z,SAMEA7116509,PHN2016011V,ERS4877052,ERP123248,PHN2016011V,Vagina,FALSE
ERR4403776,AMPLICON,501,8333213,PRJEB39698,SAMEA7116510,4943336,UNSW AUSTRALIA,human,public,"sra,fastq","gs,s3,ncbi","s3.us-east-1,gs.US,ncbi.public",1/5/2021,12/30/2020,8/5/2020,8/3/2020,ERX4346087,SAMEA7116510,UNSW Australia,UNSW Australia,2020-12-30T18:38:18Z,2020-08-03T15:19:35Z,public,Illumina MiSeq,unspecified,PAIRED,PCR,METAGENOMIC,Homo sapiens,ILLUMINA,2021-01-06T00:00:00Z,SAMEA7116510,PHN2016012P-1,ERS4877053,ERP123248,PHN2016012P-1,Placenta,FALSE
ERR4403777,AMPLICON,501,24861906,PRJEB39698,SAMEA7116511,14845484,UNSW AUSTRALIA,human,public,"fastq,sra","s3,gs,ncbi","s3.us-east-1,gs.US,ncbi.public",1/5/2021,12/30/2020,8/5/2020,8/3/2020,ERX4346088,SAMEA7116511,UNSW Australia,UNSW Australia,2020-12-30T18:38:18Z,2020-08-03T15:19:35Z,public,Illumina MiSeq,unspecified,PAIRED,PCR,METAGENOMIC,Homo sapiens,ILLUMINA,2021-01-06T00:00:00Z,SAMEA7116511,PHN2016012P-2,ERS4877054,ERP123248,PHN2016012P-2,Placenta,FALSE
ERR4403778,AMPLICON,501,18829884,PRJEB39698,SAMEA7116512,10133964,UNSW AUSTRALIA,human,public,"fastq,sra","gs,ncbi,s3","gs.US,s3.us-east-1,ncbi.public",1/5/2021,12/30/2020,8/5/2020,8/3/2020,ERX4346089,SAMEA7116512,UNSW Australia,UNSW Australia,2020-12-30T18:38:18Z,2020-08-03T15:19:35Z,public,Illumina MiSeq,unspecified,PAIRED,PCR,METAGENOMIC,Homo sapiens,ILLUMINA,2021-01-06T00:00:00Z,SAMEA7116512,PHN2016012V,ERS4877055,ERP123248,PHN2016012V,Vagina,FALSE
ERR4403779,AMPLICON,501,17921293,PRJEB39698,SAMEA7116513,10312988,UNSW AUSTRALIA,human,public,"fastq,sra","s3,ncbi,gs","s3.us-east-1,ncbi.public,gs.US",1/5/2021,12/30/2020,8/5/2020,8/3/2020,ERX4346090,SAMEA7116513,UNSW Australia,UNSW Australia,2020-12-30T18:38:18Z,2020-08-03T15:19:35Z,public,Illumina MiSeq,unspecified,PAIRED,PCR,METAGENOMIC,Homo sapiens,ILLUMINA,2021-01-06T00:00:00Z,SAMEA7116513,PHN2016013P-1,ERS4877056,ERP123248,PHN2016013P-1,Placenta,FALSE
ERR4403780,AMPLICON,501,36666069,PRJEB39698,SAMEA7116514,21505868,UNSW AUSTRALIA,human,public,"fastq,sra","gs,ncbi,s3","gs.US,s3.us-east-1,ncbi.public",1/5/2021,12/30/2020,8/5/2020,8/3/2020,ERX4346091,SAMEA7116514,UNSW Australia,UNSW Australia,2020-12-30T18:38:18Z,2020-08-03T15:19:35Z,public,Illumina MiSeq,unspecified,PAIRED,PCR,METAGENOMIC,Homo sapiens,ILLUMINA,2021-01-06T00:00:00Z,SAMEA7116514,PHN2016013P-2,ERS4877057,ERP123248,PHN2016013P-2,Placenta,FALSE
ERR4403782,AMPLICON,501,15379864,PRJEB39698,SAMEA7116516,9197852,UNSW AUSTRALIA,human,public,"fastq,sra","gs,ncbi,s3","ncbi.public,gs.US,s3.us-east-1",1/5/2021,12/30/2020,8/5/2020,8/3/2020,ERX4346093,SAMEA7116516,UNSW Australia,UNSW Australia,2020-12-30T18:38:18Z,2020-08-03T15:19:35Z,public,Illumina MiSeq,unspecified,PAIRED,PCR,METAGENOMIC,Homo sapiens,ILLUMINA,2021-01-06T00:00:00Z,SAMEA7116516,PHN2016014P-1,ERS4877059,ERP123248,PHN2016014P-1,Placenta,FALSE
ERR4403783,AMPLICON,501,21438002,PRJEB39698,SAMEA7116517,14301468,UNSW AUSTRALIA,human,public,"fastq,sra","ncbi,gs,s3","s3.us-east-1,gs.US,ncbi.public",1/5/2021,12/30/2020,8/5/2020,8/3/2020,ERX4346094,SAMEA7116517,UNSW Australia,UNSW Australia,2020-12-30T18:38:18Z,2020-08-03T15:19:35Z,public,Illumina MiSeq,unspecified,PAIRED,PCR,METAGENOMIC,Homo sapiens,ILLUMINA,2021-01-06T00:00:00Z,SAMEA7116517,PHN2016014P-2,ERS4877060,ERP123248,PHN2016014P-2,Placenta,FALSE
ERR4403784,AMPLICON,501,93921569,PRJEB39698,SAMEA7116518,58056797,UNSW AUSTRALIA,human,public,"fastq,sra","gs,s3,ncbi","ncbi.public,s3.us-east-1,gs.US",1/5/2021,12/30/2020,8/5/2020,8/3/2020,ERX4346095,SAMEA7116518,UNSW Australia,UNSW Australia,2020-12-30T18:38:18Z,2020-08-03T15:19:35Z,public,Illumina MiSeq,unspecified,PAIRED,PCR,METAGENOMIC,Homo sapiens,ILLUMINA,2021-01-06T00:00:00Z,SAMEA7116518,PHN2016014V,ERS4877061,ERP123248,PHN2016014V,Vagina,FALSE
ERR4403785,AMPLICON,501,42100516,PRJEB39698,SAMEA7116519,25154734,UNSW AUSTRALIA,human,public,"sra,fastq","ncbi,gs,s3","ncbi.public,s3.us-east-1,gs.US",1/5/2021,12/30/2020,8/5/2020,8/3/2020,ERX4346096,SAMEA7116519,UNSW Australia,UNSW Australia,2020-12-30T18:38:18Z,2020-08-03T15:19:35Z,public,Illumina MiSeq,unspecified,PAIRED,PCR,METAGENOMIC,Homo sapiens,ILLUMINA,2021-01-06T00:00:00Z,SAMEA7116519,PHN2016015P-1,ERS4877062,ERP123248,PHN2016015P-1,Placenta,FALSE
ERR4403786,AMPLICON,501,27058182,PRJEB39698,SAMEA7116520,15806365,UNSW AUSTRALIA,human,public,"fastq,sra","gs,s3,ncbi","ncbi.public,gs.US,s3.us-east-1",1/5/2021,12/30/2020,8/5/2020,8/3/2020,ERX4346097,SAMEA7116520,UNSW Australia,UNSW Australia,2020-12-30T18:38:18Z,2020-08-03T15:19:35Z,public,Illumina MiSeq,unspecified,PAIRED,PCR,METAGENOMIC,Homo sapiens,ILLUMINA,2021-01-06T00:00:00Z,SAMEA7116520,PHN2016015P-2,ERS4877063,ERP123248,PHN2016015P-2,Placenta,FALSE
ERR4403787,AMPLICON,501,18756948,PRJEB39698,SAMEA7116521,10331160,UNSW AUSTRALIA,human,public,"fastq,sra","s3,gs,ncbi","ncbi.public,s3.us-east-1,gs.US",1/5/2021,12/30/2020,8/5/2020,8/3/2020,ERX4346098,SAMEA7116521,UNSW Australia,UNSW Australia,2020-12-30T18:38:18Z,2020-08-03T15:19:35Z,public,Illumina MiSeq,unspecified,PAIRED,PCR,METAGENOMIC,Homo sapiens,ILLUMINA,2021-01-06T00:00:00Z,SAMEA7116521,PHN2016015V,ERS4877064,ERP123248,PHN2016015V,Vagina,FALSE
ERR4403788,AMPLICON,501,24384147,PRJEB39698,SAMEA7116522,15460940,UNSW AUSTRALIA,human,public,"fastq,sra","ncbi,s3,gs","s3.us-east-1,gs.US,ncbi.public",1/5/2021,12/30/2020,8/5/2020,8/3/2020,ERX4346099,SAMEA7116522,UNSW Australia,UNSW Australia,2020-12-30T18:38:18Z,2020-08-03T15:19:35Z,public,Illumina MiSeq,unspecified,PAIRED,PCR,METAGENOMIC,Homo sapiens,ILLUMINA,2021-01-06T00:00:00Z,SAMEA7116522,PHN2016016P-1,ERS4877065,ERP123248,PHN2016016P-1,Placenta,FALSE
ERR4403789,AMPLICON,501,24370123,PRJEB39698,SAMEA7116523,15492030,UNSW AUSTRALIA,human,public,"sra,fastq","ncbi,gs,s3","s3.us-east-1,ncbi.public,gs.US",1/5/2021,12/30/2020,8/5/2020,8/3/2020,ERX4346100,SAMEA7116523,UNSW Australia,UNSW Australia,2020-12-30T18:38:18Z,2020-08-03T15:19:35Z,public,Illumina MiSeq,unspecified,PAIRED,PCR,METAGENOMIC,Homo sapiens,ILLUMINA,2021-01-06T00:00:00Z,SAMEA7116523,PHN2016016P-2,ERS4877066,ERP123248,PHN2016016P-2,Placenta,FALSE
ERR4403790,AMPLICON,501,25270359,PRJEB39698,SAMEA7116524,15293388,UNSW AUSTRALIA,human,public,"sra,fastq","s3,gs,ncbi","ncbi.public,s3.us-east-1,gs.US",1/5/2021,12/30/2020,8/5/2020,8/3/2020,ERX4346101,SAMEA7116524,UNSW Australia,UNSW Australia,2020-12-30T18:38:18Z,2020-08-03T15:19:35Z,public,Illumina MiSeq,unspecified,PAIRED,PCR,METAGENOMIC,Homo sapiens,ILLUMINA,2021-01-06T00:00:00Z,SAMEA7116524,PHN2016016V,ERS4877067,ERP123248,PHN2016016V,Vagina,FALSE
ERR4403791,AMPLICON,501,29193517,PRJEB39698,SAMEA7116525,18627402,UNSW AUSTRALIA,human,public,"fastq,sra","s3,gs,ncbi","s3.us-east-1,ncbi.public,gs.US",1/5/2021,12/30/2020,8/5/2020,8/3/2020,ERX4346102,SAMEA7116525,UNSW Australia,UNSW Australia,2020-12-30T18:38:18Z,2020-08-03T15:19:35Z,public,Illumina MiSeq,unspecified,PAIRED,PCR,METAGENOMIC,Homo sapiens,ILLUMINA,2021-01-06T00:00:00Z,SAMEA7116525,PHN2016017P-1,ERS4877068,ERP123248,PHN2016017P-1,Placenta,FALSE
ERR4403792,AMPLICON,501,93119146,PRJEB39698,SAMEA7116526,55095652,UNSW AUSTRALIA,human,public,"fastq,sra","s3,gs,ncbi","gs.US,ncbi.public,s3.us-east-1",1/5/2021,12/30/2020,8/5/2020,8/3/2020,ERX4346103,SAMEA7116526,UNSW Australia,UNSW Australia,2020-12-30T18:38:18Z,2020-08-03T15:19:35Z,public,Illumina MiSeq,unspecified,PAIRED,PCR,METAGENOMIC,Homo sapiens,ILLUMINA,2021-01-06T00:00:00Z,SAMEA7116526,PHN2016017P-2,ERS4877069,ERP123248,PHN2016017P-2,Placenta,FALSE
ERR4403793,AMPLICON,501,61490858,PRJEB39698,SAMEA7116527,39250992,UNSW AUSTRALIA,human,public,"fastq,sra","s3,ncbi,gs","gs.US,s3.us-east-1,ncbi.public",1/5/2021,12/30/2020,8/5/2020,8/3/2020,ERX4346104,SAMEA7116527,UNSW Australia,UNSW Australia,2020-12-30T18:38:18Z,2020-08-03T15:19:35Z,public,Illumina MiSeq,unspecified,PAIRED,PCR,METAGENOMIC,Homo sapiens,ILLUMINA,2021-01-06T00:00:00Z,SAMEA7116527,PHN2016017V,ERS4877070,ERP123248,PHN2016017V,Vagina,FALSE
ERR4403794,AMPLICON,501,106341428,PRJEB39698,SAMEA7116528,64448251,UNSW AUSTRALIA,human,public,"sra,fastq","ncbi,gs,s3","ncbi.public,gs.US,s3.us-east-1",1/5/2021,12/30/2020,8/5/2020,8/3/2020,ERX4346105,SAMEA7116528,UNSW Australia,UNSW Australia,2020-12-30T18:38:18Z,2020-08-03T15:19:35Z,public,Illumina MiSeq,unspecified,PAIRED,PCR,METAGENOMIC,Homo sapiens,ILLUMINA,2021-01-06T00:00:00Z,SAMEA7116528,PHN2016018P-1,ERS4877071,ERP123248,PHN2016018P-1,Placenta,FALSE
ERR4403795,AMPLICON,501,24512646,PRJEB39698,SAMEA7116529,15003880,UNSW AUSTRALIA,human,public,"fastq,sra","s3,gs,ncbi","s3.us-east-1,gs.US,ncbi.public",1/5/2021,12/30/2020,8/5/2020,8/3/2020,ERX4346106,SAMEA7116529,UNSW Australia,UNSW Australia,2020-12-30T18:38:18Z,2020-08-03T15:19:35Z,public,Illumina MiSeq,unspecified,PAIRED,PCR,METAGENOMIC,Homo sapiens,ILLUMINA,2021-01-06T00:00:00Z,SAMEA7116529,PHN2016018P-2,ERS4877072,ERP123248,PHN2016018P-2,Placenta,FALSE
ERR4403796,AMPLICON,501,40565919,PRJEB39698,SAMEA7116530,25548085,UNSW AUSTRALIA,human,public,"fastq,sra","s3,gs,ncbi","ncbi.public,gs.US,s3.us-east-1",1/5/2021,12/30/2020,8/5/2020,8/3/2020,ERX4346107,SAMEA7116530,UNSW Australia,UNSW Australia,2020-12-30T18:38:18Z,2020-08-03T15:19:35Z,public,Illumina MiSeq,unspecified,PAIRED,PCR,METAGENOMIC,Homo sapiens,ILLUMINA,2021-01-06T00:00:00Z,SAMEA7116530,PHN2016018V,ERS4877073,ERP123248,PHN2016018V,Vagina,FALSE
ERR4403797,AMPLICON,501,35329295,PRJEB39698,SAMEA7116531,21300700,UNSW AUSTRALIA,human,public,"fastq,sra","s3,ncbi,gs","ncbi.public,s3.us-east-1,gs.US",1/5/2021,12/30/2020,8/5/2020,8/3/2020,ERX4346108,SAMEA7116531,UNSW Australia,UNSW Australia,2020-12-30T18:38:18Z,2020-08-03T15:19:35Z,public,Illumina MiSeq,unspecified,PAIRED,PCR,METAGENOMIC,Homo sapiens,ILLUMINA,2021-01-06T00:00:00Z,SAMEA7116531,PHN2016019P-1,ERS4877074,ERP123248,PHN2016019P-1,Placenta,FALSE
ERR4403798,AMPLICON,501,32585111,PRJEB39698,SAMEA7116532,19487119,UNSW AUSTRALIA,human,public,"fastq,sra","s3,ncbi,gs","s3.us-east-1,ncbi.public,gs.US",1/5/2021,12/30/2020,8/5/2020,8/3/2020,ERX4346109,SAMEA7116532,UNSW Australia,UNSW Australia,2020-12-30T18:38:18Z,2020-08-03T15:19:35Z,public,Illumina MiSeq,unspecified,PAIRED,PCR,METAGENOMIC,Homo sapiens,ILLUMINA,2021-01-06T00:00:00Z,SAMEA7116532,PHN2016019P-2,ERS4877075,ERP123248,PHN2016019P-2,Placenta,FALSE
ERR4403799,AMPLICON,501,51040603,PRJEB39698,SAMEA7116533,31963777,UNSW AUSTRALIA,human,public,"sra,fastq","gs,s3,ncbi","ncbi.public,s3.us-east-1,gs.US",1/5/2021,12/30/2020,8/5/2020,8/3/2020,ERX4346110,SAMEA7116533,UNSW Australia,UNSW Australia,2020-12-30T18:38:18Z,2020-08-03T15:19:35Z,public,Illumina MiSeq,unspecified,PAIRED,PCR,METAGENOMIC,Homo sapiens,ILLUMINA,2021-01-06T00:00:00Z,SAMEA7116533,PHN2016019V,ERS4877076,ERP123248,PHN2016019V,Vagina,FALSE
ERR4403800,AMPLICON,501,101021274,PRJEB39698,SAMEA7116534,64196683,UNSW AUSTRALIA,human,public,"fastq,sra","gs,s3,ncbi","ncbi.public,s3.us-east-1,gs.US",1/5/2021,12/30/2020,8/5/2020,8/3/2020,ERX4346111,SAMEA7116534,UNSW Australia,UNSW Australia,2020-12-30T18:38:18Z,2020-08-03T15:19:35Z,public,Illumina MiSeq,unspecified,PAIRED,PCR,METAGENOMIC,Homo sapiens,ILLUMINA,2021-01-06T00:00:00Z,SAMEA7116534,PHN2016020P-1,ERS4877077,ERP123248,PHN2016020P-1,Placenta,FALSE
ERR4403801,AMPLICON,501,24937176,PRJEB39698,SAMEA7116535,14779025,UNSW AUSTRALIA,human,public,"fastq,sra","s3,ncbi,gs","ncbi.public,gs.US,s3.us-east-1",1/5/2021,12/30/2020,8/5/2020,8/3/2020,ERX4346112,SAMEA7116535,UNSW Australia,UNSW Australia,2020-12-30T18:38:18Z,2020-08-03T15:19:35Z,public,Illumina MiSeq,unspecified,PAIRED,PCR,METAGENOMIC,Homo sapiens,ILLUMINA,2021-01-06T00:00:00Z,SAMEA7116535,PHN2016020P-2,ERS4877078,ERP123248,PHN2016020P-2,Placenta,FALSE
ERR4403802,AMPLICON,501,112912880,PRJEB39698,SAMEA7116536,71450046,UNSW AUSTRALIA,human,public,"fastq,sra","s3,ncbi,gs","ncbi.public,gs.US,s3.us-east-1",1/5/2021,12/30/2020,8/5/2020,8/3/2020,ERX4346113,SAMEA7116536,UNSW Australia,UNSW Australia,2020-12-30T18:38:18Z,2020-08-03T15:19:35Z,public,Illumina MiSeq,unspecified,PAIRED,PCR,METAGENOMIC,Homo sapiens,ILLUMINA,2021-01-06T00:00:00Z,SAMEA7116536,PHN2016020V,ERS4877079,ERP123248,PHN2016020V,Vagina,FALSE
ERR4403803,AMPLICON,501,16770565,PRJEB39698,SAMEA7116537,9322875,UNSW AUSTRALIA,human,public,"sra,fastq","s3,ncbi,gs","gs.US,ncbi.public,s3.us-east-1",1/5/2021,12/30/2020,8/5/2020,8/3/2020,ERX4346114,SAMEA7116537,UNSW Australia,UNSW Australia,2020-12-30T18:38:18Z,2020-08-03T15:19:35Z,public,Illumina MiSeq,unspecified,PAIRED,PCR,METAGENOMIC,Homo sapiens,ILLUMINA,2021-01-06T00:00:00Z,SAMEA7116537,PHN2016021P-1,ERS4877080,ERP123248,PHN2016021P-1,Placenta,FALSE
ERR4403804,AMPLICON,501,11173003,PRJEB39698,SAMEA7116538,6552003,UNSW AUSTRALIA,human,public,"fastq,sra","ncbi,gs,s3","s3.us-east-1,gs.US,ncbi.public",1/5/2021,12/30/2020,8/5/2020,8/3/2020,ERX4346115,SAMEA7116538,UNSW Australia,UNSW Australia,2020-12-30T18:38:18Z,2020-08-03T15:19:35Z,public,Illumina MiSeq,unspecified,PAIRED,PCR,METAGENOMIC,Homo sapiens,ILLUMINA,2021-01-06T00:00:00Z,SAMEA7116538,PHN2016021P-2,ERS4877081,ERP123248,PHN2016021P-2,Placenta,FALSE
ERR4403805,AMPLICON,501,23529516,PRJEB39698,SAMEA7116539,13105337,UNSW AUSTRALIA,human,public,"sra,fastq","s3,gs,ncbi","s3.us-east-1,gs.US,ncbi.public",1/5/2021,12/30/2020,8/5/2020,8/3/2020,ERX4346116,SAMEA7116539,UNSW Australia,UNSW Australia,2020-12-30T18:38:18Z,2020-08-03T15:19:35Z,public,Illumina MiSeq,unspecified,PAIRED,PCR,METAGENOMIC,Homo sapiens,ILLUMINA,2021-01-06T00:00:00Z,SAMEA7116539,PHN2016021V,ERS4877082,ERP123248,PHN2016021V,Vagina,FALSE
ERR4403806,AMPLICON,501,19239554,PRJEB39698,SAMEA7116540,11674514,UNSW AUSTRALIA,human,public,"sra,fastq","ncbi,s3,gs","ncbi.public,gs.US,s3.us-east-1",1/5/2021,12/30/2020,8/5/2020,8/3/2020,ERX4346117,SAMEA7116540,UNSW Australia,UNSW Australia,2020-12-30T18:38:18Z,2020-08-03T15:19:35Z,public,Illumina MiSeq,unspecified,PAIRED,PCR,METAGENOMIC,Homo sapiens,ILLUMINA,2021-01-06T00:00:00Z,SAMEA7116540,PHN2016022P-1,ERS4877083,ERP123248,PHN2016022P-1,Placenta,FALSE
ERR4403807,AMPLICON,501,6928463,PRJEB39698,SAMEA7116541,4351602,UNSW AUSTRALIA,human,public,"fastq,sra","s3,gs,ncbi","s3.us-east-1,ncbi.public,gs.US",1/5/2021,12/30/2020,8/5/2020,8/3/2020,ERX4346118,SAMEA7116541,UNSW Australia,UNSW Australia,2020-12-30T18:38:18Z,2020-08-03T15:19:35Z,public,Illumina MiSeq,unspecified,PAIRED,PCR,METAGENOMIC,Homo sapiens,ILLUMINA,2021-01-06T00:00:00Z,SAMEA7116541,PHN2016022P-2,ERS4877084,ERP123248,PHN2016022P-2,Placenta,FALSE
ERR4403808,AMPLICON,501,126969973,PRJEB39698,SAMEA7116542,78767880,UNSW AUSTRALIA,human,public,"sra,fastq","gs,ncbi,s3","gs.US,s3.us-east-1,ncbi.public",1/5/2021,12/30/2020,8/5/2020,8/3/2020,ERX4346119,SAMEA7116542,UNSW Australia,UNSW Australia,2020-12-30T18:38:18Z,2020-08-03T15:19:35Z,public,Illumina MiSeq,unspecified,PAIRED,PCR,METAGENOMIC,Homo sapiens,ILLUMINA,2021-01-06T00:00:00Z,SAMEA7116542,PHN2016022V,ERS4877085,ERP123248,PHN2016022V,Vagina,FALSE
ERR4403809,AMPLICON,501,7288610,PRJEB39698,SAMEA7116543,4510820,UNSW AUSTRALIA,human,public,"fastq,sra","s3,gs,ncbi","ncbi.public,gs.US,s3.us-east-1",1/5/2021,12/30/2020,8/5/2020,8/3/2020,ERX4346120,SAMEA7116543,UNSW Australia,UNSW Australia,2020-12-30T18:38:18Z,2020-08-03T15:19:35Z,public,Illumina MiSeq,unspecified,PAIRED,PCR,METAGENOMIC,Homo sapiens,ILLUMINA,2021-01-06T00:00:00Z,SAMEA7116543,PHN2016023P-1,ERS4877086,ERP123248,PHN2016023P-1,Placenta,FALSE
ERR4403810,AMPLICON,501,37111905,PRJEB39698,SAMEA7116544,23236539,UNSW AUSTRALIA,human,public,"fastq,sra","ncbi,s3,gs","ncbi.public,gs.US,s3.us-east-1",1/5/2021,12/30/2020,8/5/2020,8/3/2020,ERX4346121,SAMEA7116544,UNSW Australia,UNSW Australia,2020-12-30T18:38:18Z,2020-08-03T15:19:35Z,public,Illumina MiSeq,unspecified,PAIRED,PCR,METAGENOMIC,Homo sapiens,ILLUMINA,2021-01-06T00:00:00Z,SAMEA7116544,PHN2016023P-2,ERS4877087,ERP123248,PHN2016023P-2,Placenta,FALSE
ERR4403811,AMPLICON,501,38618228,PRJEB39698,SAMEA7116545,24075003,UNSW AUSTRALIA,human,public,"sra,fastq","ncbi,s3,gs","ncbi.public,s3.us-east-1,gs.US",1/5/2021,12/30/2020,8/5/2020,8/3/2020,ERX4346122,SAMEA7116545,UNSW Australia,UNSW Australia,2020-12-30T18:38:18Z,2020-08-03T15:19:35Z,public,Illumina MiSeq,unspecified,PAIRED,PCR,METAGENOMIC,Homo sapiens,ILLUMINA,2021-01-06T00:00:00Z,SAMEA7116545,PHN2016023V-1,ERS4877088,ERP123248,PHN2016023V-1,Vagina,FALSE
ERR4403812,AMPLICON,501,88106838,PRJEB39698,SAMEA7116546,55768410,UNSW AUSTRALIA,human,public,"sra,fastq","ncbi,gs,s3","gs.US,s3.us-east-1,ncbi.public",1/5/2021,12/30/2020,8/5/2020,8/3/2020,ERX4346123,SAMEA7116546,UNSW Australia,UNSW Australia,2020-12-30T18:38:18Z,2020-08-03T15:19:35Z,public,Illumina MiSeq,unspecified,PAIRED,PCR,METAGENOMIC,Homo sapiens,ILLUMINA,2021-01-06T00:00:00Z,SAMEA7116546,PHN2016023V-2,ERS4877089,ERP123248,PHN2016023V-2,Vagina,FALSE
ERR4403813,AMPLICON,501,65419805,PRJEB39698,SAMEA7116547,41053938,UNSW AUSTRALIA,human,public,"fastq,sra","gs,ncbi,s3","ncbi.public,gs.US,s3.us-east-1",1/5/2021,12/30/2020,8/5/2020,8/3/2020,ERX4346124,SAMEA7116547,UNSW Australia,UNSW Australia,2020-12-30T18:38:18Z,2020-08-03T15:19:35Z,public,Illumina MiSeq,unspecified,PAIRED,PCR,METAGENOMIC,Homo sapiens,ILLUMINA,2021-01-06T00:00:00Z,SAMEA7116547,PHN2016024P-1,ERS4877090,ERP123248,PHN2016024P-1,Placenta,FALSE
ERR4403814,AMPLICON,501,19507222,PRJEB39698,SAMEA7116548,12610988,UNSW AUSTRALIA,human,public,"sra,fastq","ncbi,gs,s3","gs.US,s3.us-east-1,ncbi.public",1/5/2021,12/30/2020,8/5/2020,8/3/2020,ERX4346125,SAMEA7116548,UNSW Australia,UNSW Australia,2020-12-30T18:38:18Z,2020-08-03T15:19:35Z,public,Illumina MiSeq,unspecified,PAIRED,PCR,METAGENOMIC,Homo sapiens,ILLUMINA,2021-01-06T00:00:00Z,SAMEA7116548,PHN2016024P-2,ERS4877091,ERP123248,PHN2016024P-2,Placenta,FALSE
ERR4403815,AMPLICON,501,131149034,PRJEB39698,SAMEA7116549,80733835,UNSW AUSTRALIA,human,public,"sra,fastq","ncbi,gs,s3","ncbi.public,s3.us-east-1,gs.US",1/5/2021,12/30/2020,8/5/2020,8/3/2020,ERX4346126,SAMEA7116549,UNSW Australia,UNSW Australia,2020-12-30T18:38:18Z,2020-08-03T15:19:35Z,public,Illumina MiSeq,unspecified,PAIRED,PCR,METAGENOMIC,Homo sapiens,ILLUMINA,2021-01-06T00:00:00Z,SAMEA7116549,PHN2016024V,ERS4877092,ERP123248,PHN2016024V,Vagina,FALSE
ERR4403816,AMPLICON,501,117830405,PRJEB39698,SAMEA7116550,72539305,UNSW AUSTRALIA,human,public,"fastq,sra","ncbi,gs,s3","ncbi.public,gs.US,s3.us-east-1",1/5/2021,12/30/2020,8/5/2020,8/3/2020,ERX4346127,SAMEA7116550,UNSW Australia,UNSW Australia,2020-12-30T18:38:18Z,2020-08-03T15:19:35Z,public,Illumina MiSeq,unspecified,PAIRED,PCR,METAGENOMIC,Homo sapiens,ILLUMINA,2021-01-06T00:00:00Z,SAMEA7116550,PHN2016025P-1,ERS4877093,ERP123248,PHN2016025P-1,Placenta,FALSE
ERR4403817,AMPLICON,501,32212438,PRJEB39698,SAMEA7116551,18962697,UNSW AUSTRALIA,human,public,"sra,fastq","ncbi,s3,gs","gs.US,ncbi.public,s3.us-east-1",1/5/2021,12/30/2020,8/5/2020,8/3/2020,ERX4346128,SAMEA7116551,UNSW Australia,UNSW Australia,2020-12-30T18:38:18Z,2020-08-03T15:19:35Z,public,Illumina MiSeq,unspecified,PAIRED,PCR,METAGENOMIC,Homo sapiens,ILLUMINA,2021-01-06T00:00:00Z,SAMEA7116551,PHN2016025P-2,ERS4877094,ERP123248,PHN2016025P-2,Placenta,FALSE
ERR4403818,AMPLICON,501,113724147,PRJEB39698,SAMEA7116552,69268134,UNSW AUSTRALIA,human,public,"fastq,sra","gs,s3,ncbi","gs.US,s3.us-east-1,ncbi.public",1/5/2021,12/30/2020,8/5/2020,8/3/2020,ERX4346129,SAMEA7116552,UNSW Australia,UNSW Australia,2020-12-30T18:38:18Z,2020-08-03T15:19:35Z,public,Illumina MiSeq,unspecified,PAIRED,PCR,METAGENOMIC,Homo sapiens,ILLUMINA,2021-01-06T00:00:00Z,SAMEA7116552,PHN2016025V,ERS4877095,ERP123248,PHN2016025V,Vagina,FALSE
ERR4403819,AMPLICON,501,32154227,PRJEB39698,SAMEA7116553,18709814,UNSW AUSTRALIA,human,public,"fastq,sra","s3,gs,ncbi","s3.us-east-1,gs.US,ncbi.public",1/5/2021,12/30/2020,8/5/2020,8/3/2020,ERX4346130,SAMEA7116553,UNSW Australia,UNSW Australia,2020-12-30T18:38:18Z,2020-08-03T15:19:35Z,public,Illumina MiSeq,unspecified,PAIRED,PCR,METAGENOMIC,Homo sapiens,ILLUMINA,2021-01-06T00:00:00Z,SAMEA7116553,PHN2016026P-1,ERS4877096,ERP123248,PHN2016026P-1,Placenta,FALSE
ERR4403820,AMPLICON,501,28694340,PRJEB39698,SAMEA7116554,17062303,UNSW AUSTRALIA,human,public,"fastq,sra","s3,ncbi,gs","ncbi.public,s3.us-east-1,gs.US",1/5/2021,12/30/2020,8/5/2020,8/3/2020,ERX4346131,SAMEA7116554,UNSW Australia,UNSW Australia,2020-12-30T18:38:18Z,2020-08-03T15:19:35Z,public,Illumina MiSeq,unspecified,PAIRED,PCR,METAGENOMIC,Homo sapiens,ILLUMINA,2021-01-06T00:00:00Z,SAMEA7116554,PHN2016026P-2,ERS4877097,ERP123248,PHN2016026P-2,Placenta,FALSE
ERR4403822,AMPLICON,501,26173887,PRJEB39698,SAMEA7116556,15248367,UNSW AUSTRALIA,human,public,"fastq,sra","ncbi,s3,gs","s3.us-east-1,ncbi.public,gs.US",1/5/2021,12/30/2020,8/5/2020,8/3/2020,ERX4346133,SAMEA7116556,UNSW Australia,UNSW Australia,2020-12-30T18:38:18Z,2020-08-03T15:19:35Z,public,Illumina MiSeq,unspecified,PAIRED,PCR,METAGENOMIC,Homo sapiens,ILLUMINA,2021-01-06T00:00:00Z,SAMEA7116556,PHN2016027P-1,ERS4877099,ERP123248,PHN2016027P-1,Placenta,FALSE
ERR4403823,AMPLICON,501,138148335,PRJEB39698,SAMEA7116557,86828246,UNSW AUSTRALIA,human,public,"fastq,sra","s3,ncbi,gs","ncbi.public,s3.us-east-1,gs.US",1/5/2021,12/30/2020,8/5/2020,8/3/2020,ERX4346134,SAMEA7116557,UNSW Australia,UNSW Australia,2020-12-30T18:38:18Z,2020-08-03T15:19:35Z,public,Illumina MiSeq,unspecified,PAIRED,PCR,METAGENOMIC,Homo sapiens,ILLUMINA,2021-01-06T00:00:00Z,SAMEA7116557,PHN2016027P-2,ERS4877100,ERP123248,PHN2016027P-2,Placenta,FALSE
ERR4403824,AMPLICON,501,15700745,PRJEB39698,SAMEA7116558,8547139,UNSW AUSTRALIA,human,public,"fastq,sra","s3,ncbi,gs","s3.us-east-1,ncbi.public,gs.US",1/5/2021,12/30/2020,8/5/2020,8/3/2020,ERX4346135,SAMEA7116558,UNSW Australia,UNSW Australia,2020-12-30T18:38:18Z,2020-08-03T15:19:35Z,public,Illumina MiSeq,unspecified,PAIRED,PCR,METAGENOMIC,Homo sapiens,ILLUMINA,2021-01-06T00:00:00Z,SAMEA7116558,PHN2016027V,ERS4877101,ERP123248,PHN2016027V,Vagina,FALSE
