Run,Assay Type,AvgSpotLen,Bases,BioProject,BioSample,BioSampleModel,Bytes,Center Name,Collection_Date,Consent,DATASTORE filetype,DATASTORE provider,DATASTORE region,Experiment,geo_loc_name_country,geo_loc_name_country_continent,geo_loc_name,Instrument,Isolation_source,lat_lon,Library Name,LibraryLayout,LibrarySelection,LibrarySource,Organism,Platform,ReleaseDate,samp_mat_process,Sample Name,SRA Study,SubjectID,Host
SRR3110029,AMPLICON,300,2766633,PRJNA309332,SAMN04431496,Metagenome or environmental,1559463,UNIVERSITY OF PENNSYLVANIA,2016-01-14,public,"fastq,sra","gs,ncbi,s3","gs.US,ncbi.public,s3.us-east-1",SRX1538499,USA,North America,USA,Illumina MiSeq,OR Air Swab,39.950 N 75.166 W,air.swab.1,PAIRED,PCR,METAGENOMIC,human vaginal metagenome,ILLUMINA,2016-05-17T00:00:00Z,Mobio Powersoil,air.swab.1,SRP068669,1,
SRR3110030,AMPLICON,301,1034770,PRJNA309332,SAMN04431497,Metagenome or environmental,610511,UNIVERSITY OF PENNSYLVANIA,2016-01-14,public,"fastq,sra","gs,ncbi,s3","gs.US,ncbi.public,s3.us-east-1",SRX1538500,USA,North America,USA,Illumina MiSeq,OR Air Swab,39.950 N 75.166 W,air.swab.2,PAIRED,PCR,METAGENOMIC,human vaginal metagenome,ILLUMINA,2016-05-17T00:00:00Z,Mobio Powersoil,air.swab.2,SRP068669,2,
SRR3110031,AMPLICON,299,2513784,PRJNA309332,SAMN04431506,Metagenome or environmental,1241055,UNIVERSITY OF PENNSYLVANIA,2015-10-12,public,"fastq,sra","gs,ncbi,s3","gs.US,ncbi.public,s3.us-east-1",SRX1538501,USA,North America,USA,Illumina MiSeq,OR Air Swab,39.950 N 75.166 W,Air.swab.patient.70,PAIRED,PCR,METAGENOMIC,human vaginal metagenome,ILLUMINA,2016-05-17T00:00:00Z,PSP Spin Stool DNA Plus Kit,Air.swab.patient.70,SRP068669,70,
SRR3110032,AMPLICON,302,2131019,PRJNA309332,SAMN04431507,Metagenome or environmental,1207778,UNIVERSITY OF PENNSYLVANIA,2016-01-14,public,"fastq,sra","gs,ncbi,s3","gs.US,ncbi.public,s3.us-east-1",SRX1538502,USA,North America,USA,Illumina MiSeq,Extraction Blank,39.950 N 75.166 W,extraction.blank.1,PAIRED,PCR,METAGENOMIC,human vaginal metagenome,ILLUMINA,2016-05-17T00:00:00Z,Mobio Powersoil,extraction.blank.1,SRP068669,1,
SRR3110033,AMPLICON,301,395507,PRJNA309332,SAMN04431508,Metagenome or environmental,288194,UNIVERSITY OF PENNSYLVANIA,2016-01-14,public,"fastq,sra","gs,ncbi,s3","gs.US,ncbi.public,s3.us-east-1",SRX1538503,USA,North America,USA,Illumina MiSeq,Extraction Blank,39.950 N 75.166 W,extraction.blank.2,PAIRED,PCR,METAGENOMIC,human vaginal metagenome,ILLUMINA,2016-05-17T00:00:00Z,Mobio Powersoil,extraction.blank.2,SRP068669,2,
SRR3110034,AMPLICON,300,933704,PRJNA309332,SAMN04431509,Metagenome or environmental,578835,UNIVERSITY OF PENNSYLVANIA,2016-01-14,public,"fastq,sra","gs,ncbi,s3","gs.US,ncbi.public,s3.us-east-1",SRX1538504,USA,North America,USA,Illumina MiSeq,Extraction Blank,39.950 N 75.166 W,extraction.blank.3,PAIRED,PCR,METAGENOMIC,human vaginal metagenome,ILLUMINA,2016-05-17T00:00:00Z,Mobio Powersoil,extraction.blank.3,SRP068669,3,
SRR3110035,AMPLICON,302,1570004,PRJNA309332,SAMN04431510,Metagenome or environmental,907366,UNIVERSITY OF PENNSYLVANIA,2016-01-14,public,"fastq,sra","gs,ncbi,s3","gs.US,ncbi.public,s3.us-east-1",SRX1538505,USA,North America,USA,Illumina MiSeq,Extraction Blank,39.950 N 75.166 W,extraction.blank.4,PAIRED,PCR,METAGENOMIC,human vaginal metagenome,ILLUMINA,2016-05-17T00:00:00Z,Mobio Powersoil,extraction.blank.4,SRP068669,4,
SRR3110036,AMPLICON,301,439263,PRJNA309332,SAMN04431511,Metagenome or environmental,307779,UNIVERSITY OF PENNSYLVANIA,2016-01-14,public,"fastq,sra","gs,ncbi,s3","gs.US,ncbi.public,s3.us-east-1",SRX1538506,USA,North America,USA,Illumina MiSeq,Extraction Blank,39.950 N 75.166 W,extraction.blank.5,PAIRED,PCR,METAGENOMIC,human vaginal metagenome,ILLUMINA,2016-05-17T00:00:00Z,Mobio Powersoil,extraction.blank.5,SRP068669,5,
SRR3110037,AMPLICON,302,885725,PRJNA309332,SAMN04431512,Metagenome or environmental,556572,UNIVERSITY OF PENNSYLVANIA,2016-01-14,public,"fastq,sra","gs,ncbi,s3","gs.US,ncbi.public,s3.us-east-1",SRX1538507,USA,North America,USA,Illumina MiSeq,Extraction Blank,39.950 N 75.166 W,extraction.blank.6,PAIRED,PCR,METAGENOMIC,human vaginal metagenome,ILLUMINA,2016-05-17T00:00:00Z,Mobio Powersoil,extraction.blank.6,SRP068669,6,
SRR3110038,AMPLICON,300,2216133,PRJNA309332,SAMN04431513,Metagenome or environmental,1081814,UNIVERSITY OF PENNSYLVANIA,2015-10-12,public,"fastq,sra","gs,ncbi,s3","gs.US,ncbi.public,s3.us-east-1",SRX1538508,USA,North America,USA,Illumina MiSeq,Placenta (FS),39.950 N 75.166 W,FetalSideBiopsy55.055PCFSBDEB2,PAIRED,PCR,METAGENOMIC,human vaginal metagenome,ILLUMINA,2016-05-17T00:00:00Z,PSP Spin Stool DNA Plus Kit,FetalSideBiopsy55.055PCFSBDEB2,SRP068669,55,9606
SRR3110039,AMPLICON,298,2282187,PRJNA309332,SAMN04431514,Metagenome or environmental,1115251,UNIVERSITY OF PENNSYLVANIA,2015-10-12,public,"fastq,sra","gs,ncbi,s3","gs.US,ncbi.public,s3.us-east-1",SRX1538509,USA,North America,USA,Illumina MiSeq,Placenta (FS),39.950 N 75.166 W,Fetal.Side.Biopsy61.0061PCFSBDEB2,PAIRED,PCR,METAGENOMIC,human vaginal metagenome,ILLUMINA,2016-05-17T00:00:00Z,PSP Spin Stool DNA Plus Kit,Fetal.Side.Biopsy61.0061PCFSBDEB2,SRP068669,61,9606
SRR3110040,AMPLICON,304,2885728,PRJNA309332,SAMN04431515,Metagenome or environmental,1369152,UNIVERSITY OF PENNSYLVANIA,2015-10-12,public,"fastq,sra","gs,ncbi,s3","gs.US,ncbi.public,s3.us-east-1",SRX1538510,USA,North America,USA,Illumina MiSeq,Placenta (FS),39.950 N 75.166 W,Fetal.Side.Biopsy66.0066PCFSBDEB2,PAIRED,PCR,METAGENOMIC,human vaginal metagenome,ILLUMINA,2016-05-17T00:00:00Z,PSP Spin Stool DNA Plus Kit,Fetal.Side.Biopsy66.0066PCFSBDEB2,SRP068669,66,9606
SRR3110041,AMPLICON,301,3978695,PRJNA309332,SAMN04431498,Metagenome or environmental,2195460,UNIVERSITY OF PENNSYLVANIA,2016-01-14,public,"fastq,sra","gs,ncbi,s3","gs.US,ncbi.public,s3.us-east-1",SRX1538511,USA,North America,USA,Illumina MiSeq,OR Air Swab,39.950 N 75.166 W,air.swab.3,PAIRED,PCR,METAGENOMIC,human vaginal metagenome,ILLUMINA,2016-05-17T00:00:00Z,Mobio Powersoil,air.swab.3,SRP068669,3,
SRR3110042,AMPLICON,298,1562500,PRJNA309332,SAMN04431516,Metagenome or environmental,777833,UNIVERSITY OF PENNSYLVANIA,2015-10-12,public,"fastq,sra","gs,ncbi,s3","gs.US,ncbi.public,s3.us-east-1",SRX1538512,USA,North America,USA,Illumina MiSeq,Placenta (FS),39.950 N 75.166 W,Fetal.Side.Biopsy67.0067PCFSBDEB2,PAIRED,PCR,METAGENOMIC,human vaginal metagenome,ILLUMINA,2016-05-17T00:00:00Z,PSP Spin Stool DNA Plus Kit,Fetal.Side.Biopsy67.0067PCFSBDEB2,SRP068669,67,9606
SRR3110043,AMPLICON,295,3446541,PRJNA309332,SAMN04431517,Metagenome or environmental,1633563,UNIVERSITY OF PENNSYLVANIA,2015-10-12,public,"fastq,sra","gs,ncbi,s3","gs.US,ncbi.public,s3.us-east-1",SRX1538513,USA,North America,USA,Illumina MiSeq,Placenta (FS),39.950 N 75.166 W,Fetal.Side.Biopsy69.0069PCFSBDEB2,PAIRED,PCR,METAGENOMIC,human vaginal metagenome,ILLUMINA,2016-05-17T00:00:00Z,PSP Spin Stool DNA Plus Kit,Fetal.Side.Biopsy69.0069PCFSBDEB2,SRP068669,69,9606
SRR3110044,AMPLICON,295,2409886,PRJNA309332,SAMN04431518,Metagenome or environmental,1174748,UNIVERSITY OF PENNSYLVANIA,2015-10-12,public,"fastq,sra","gs,ncbi,s3","gs.US,ncbi.public,s3.us-east-1",SRX1538514,USA,North America,USA,Illumina MiSeq,Placenta (FS),39.950 N 75.166 W,Fetal.Side.Biopsy70.0070PCFSBDEB2,PAIRED,PCR,METAGENOMIC,human vaginal metagenome,ILLUMINA,2016-05-17T00:00:00Z,PSP Spin Stool DNA Plus Kit,Fetal.Side.Biopsy70.0070PCFSBDEB2,SRP068669,70,9606
SRR3110045,AMPLICON,301,9137973,PRJNA309332,SAMN04431519,Metagenome or environmental,4820263,UNIVERSITY OF PENNSYLVANIA,2016-01-14,public,"fastq,sra","gs,ncbi,s3","gs.US,ncbi.public,s3.us-east-1",SRX1538515,USA,North America,USA,Illumina MiSeq,Placenta (FS),39.950 N 75.166 W,FSB.55,PAIRED,PCR,METAGENOMIC,human vaginal metagenome,ILLUMINA,2016-05-17T00:00:00Z,Mobio Powersoil,FSB.55,SRP068669,55,9606
SRR3110046,AMPLICON,302,25941292,PRJNA309332,SAMN04431520,Metagenome or environmental,13804318,UNIVERSITY OF PENNSYLVANIA,2016-01-14,public,"fastq,sra","gs,ncbi,s3","gs.US,ncbi.public,s3.us-east-1",SRX1538516,USA,North America,USA,Illumina MiSeq,Placenta (FS),39.950 N 75.166 W,FSB.61,PAIRED,PCR,METAGENOMIC,human vaginal metagenome,ILLUMINA,2016-05-17T00:00:00Z,Mobio Powersoil,FSB.61,SRP068669,61,9606
SRR3110047,AMPLICON,302,4079055,PRJNA309332,SAMN04431521,Metagenome or environmental,2224756,UNIVERSITY OF PENNSYLVANIA,2016-01-14,public,"fastq,sra","gs,ncbi,s3","gs.US,ncbi.public,s3.us-east-1",SRX1538517,USA,North America,USA,Illumina MiSeq,Placenta (FS),39.950 N 75.166 W,FSB.66,PAIRED,PCR,METAGENOMIC,human vaginal metagenome,ILLUMINA,2016-05-17T00:00:00Z,Mobio Powersoil,FSB.66,SRP068669,66,9606
SRR3110048,AMPLICON,301,1036117,PRJNA309332,SAMN04431522,Metagenome or environmental,616777,UNIVERSITY OF PENNSYLVANIA,2016-01-14,public,"fastq,sra","gs,ncbi,s3","gs.US,ncbi.public,s3.us-east-1",SRX1538518,USA,North America,USA,Illumina MiSeq,Placenta (FS),39.950 N 75.166 W,FSB.67,PAIRED,PCR,METAGENOMIC,human vaginal metagenome,ILLUMINA,2016-05-17T00:00:00Z,Mobio Powersoil,FSB.67,SRP068669,67,9606
SRR3110049,AMPLICON,302,3665719,PRJNA309332,SAMN04431523,Metagenome or environmental,1994003,UNIVERSITY OF PENNSYLVANIA,2016-01-14,public,"fastq,sra","gs,ncbi,s3","gs.US,ncbi.public,s3.us-east-1",SRX1538519,USA,North America,USA,Illumina MiSeq,Placenta (FS),39.950 N 75.166 W,FSB.69,PAIRED,PCR,METAGENOMIC,human vaginal metagenome,ILLUMINA,2016-05-17T00:00:00Z,Mobio Powersoil,FSB.69,SRP068669,69,9606
SRR3110050,AMPLICON,301,5328630,PRJNA309332,SAMN04431524,Metagenome or environmental,2919918,UNIVERSITY OF PENNSYLVANIA,2016-01-14,public,"fastq,sra","gs,ncbi,s3","gs.US,ncbi.public,s3.us-east-1",SRX1538520,USA,North America,USA,Illumina MiSeq,Placenta (FS),39.950 N 75.166 W,FSB.70,PAIRED,PCR,METAGENOMIC,human vaginal metagenome,ILLUMINA,2016-05-17T00:00:00Z,Mobio Powersoil,FSB.70,SRP068669,70,9606
SRR3110051,AMPLICON,300,2083752,PRJNA309332,SAMN04431525,Metagenome or environmental,1025364,UNIVERSITY OF PENNSYLVANIA,2015-10-12,public,"fastq,sra","gs,ncbi,s3","gs.US,ncbi.public,s3.us-east-1",SRX1538521,USA,North America,USA,Illumina MiSeq,Placenta (MS),39.950 N 75.166 W,MaternalSideBiopsy55.055PCMSBDEB2,PAIRED,PCR,METAGENOMIC,human vaginal metagenome,ILLUMINA,2016-05-17T00:00:00Z,PSP Spin Stool DNA Plus Kit,MaternalSideBiopsy55.055PCMSBDEB2,SRP068669,55,9606
SRR3110052,AMPLICON,301,4670974,PRJNA309332,SAMN04431499,Metagenome or environmental,2604322,UNIVERSITY OF PENNSYLVANIA,2016-01-14,public,"fastq,sra","gs,ncbi,s3","gs.US,ncbi.public,s3.us-east-1",SRX1538522,USA,North America,USA,Illumina MiSeq,OR Air Swab,39.950 N 75.166 W,air.swab.4,PAIRED,PCR,METAGENOMIC,human vaginal metagenome,ILLUMINA,2016-05-17T00:00:00Z,Mobio Powersoil,air.swab.4,SRP068669,4,
SRR3110053,AMPLICON,311,59598655,PRJNA309332,SAMN04431526,Metagenome or environmental,28810654,UNIVERSITY OF PENNSYLVANIA,2015-10-12,public,"fastq,sra","gs,ncbi,s3","gs.US,ncbi.public,s3.us-east-1",SRX1538523,USA,North America,USA,Illumina MiSeq,Placenta (MS),39.950 N 75.166 W,Maternal.Side.Biopsy61.0061PCMSBDEB2,PAIRED,PCR,METAGENOMIC,human vaginal metagenome,ILLUMINA,2016-05-17T00:00:00Z,PSP Spin Stool DNA Plus Kit,Maternal.Side.Biopsy61.0061PCMSBDEB2,SRP068669,61,9606
SRR3110054,AMPLICON,299,1058461,PRJNA309332,SAMN04431527,Metagenome or environmental,558224,UNIVERSITY OF PENNSYLVANIA,2015-10-12,public,"fastq,sra","gs,ncbi,s3","gs.US,ncbi.public,s3.us-east-1",SRX1538524,USA,North America,USA,Illumina MiSeq,Placenta (MS),39.950 N 75.166 W,Maternal.Side.Biopsy66.0066PCMSBDEB2,PAIRED,PCR,METAGENOMIC,human vaginal metagenome,ILLUMINA,2016-05-17T00:00:00Z,PSP Spin Stool DNA Plus Kit,Maternal.Side.Biopsy66.0066PCMSBDEB2,SRP068669,66,9606
SRR3110055,AMPLICON,312,5732422,PRJNA309332,SAMN04431528,Metagenome or environmental,2795558,UNIVERSITY OF PENNSYLVANIA,2015-10-12,public,"fastq,sra","gs,ncbi,s3","gs.US,ncbi.public,s3.us-east-1",SRX1538525,USA,North America,USA,Illumina MiSeq,Placenta (MS),39.950 N 75.166 W,Maternal.Side.Biopsy67.0067PCMSBDEB2,PAIRED,PCR,METAGENOMIC,human vaginal metagenome,ILLUMINA,2016-05-17T00:00:00Z,PSP Spin Stool DNA Plus Kit,Maternal.Side.Biopsy67.0067PCMSBDEB2,SRP068669,67,9606
SRR3110056,AMPLICON,295,3292786,PRJNA309332,SAMN04431529,Metagenome or environmental,1559694,UNIVERSITY OF PENNSYLVANIA,2015-10-12,public,"fastq,sra","gs,ncbi,s3","gs.US,ncbi.public,s3.us-east-1",SRX1538526,USA,North America,USA,Illumina MiSeq,Placenta (MS),39.950 N 75.166 W,Maternal.Side.Biopsy69.0069PCMSBDEB2.Maternal.Side.Biopsy,PAIRED,PCR,METAGENOMIC,human vaginal metagenome,ILLUMINA,2016-05-17T00:00:00Z,PSP Spin Stool DNA Plus Kit,Maternal.Side.Biopsy69.0069PCMSBDEB2.Maternal.Side.Biopsy,SRP068669,69,9606
SRR3110057,AMPLICON,296,1948408,PRJNA309332,SAMN04431530,Metagenome or environmental,951150,UNIVERSITY OF PENNSYLVANIA,2015-10-12,public,"fastq,sra","gs,ncbi,s3","gs.US,ncbi.public,s3.us-east-1",SRX1538527,USA,North America,USA,Illumina MiSeq,Placenta (MS),39.950 N 75.166 W,Maternal.Side.Biopsy70.0070PCMSBDEB2,PAIRED,PCR,METAGENOMIC,human vaginal metagenome,ILLUMINA,2016-05-17T00:00:00Z,PSP Spin Stool DNA Plus Kit,Maternal.Side.Biopsy70.0070PCMSBDEB2,SRP068669,70,9606
SRR3110058,AMPLICON,302,1061113,PRJNA309332,SAMN04431531,Metagenome or environmental,634603,UNIVERSITY OF PENNSYLVANIA,2016-01-14,public,"fastq,sra","gs,ncbi,s3","gs.US,ncbi.public,s3.us-east-1",SRX1538528,USA,North America,USA,Illumina MiSeq,Placenta (MS),39.950 N 75.166 W,MSB.55,PAIRED,PCR,METAGENOMIC,human vaginal metagenome,ILLUMINA,2016-05-17T00:00:00Z,Mobio Powersoil,MSB.55,SRP068669,55,9606
SRR3110059,AMPLICON,302,1177944,PRJNA309332,SAMN04431532,Metagenome or environmental,698762,UNIVERSITY OF PENNSYLVANIA,2016-01-14,public,"fastq,sra","gs,ncbi,s3","gs.US,ncbi.public,s3.us-east-1",SRX1538529,USA,North America,USA,Illumina MiSeq,Placenta (MS),39.950 N 75.166 W,MSB.61,PAIRED,PCR,METAGENOMIC,human vaginal metagenome,ILLUMINA,2016-05-17T00:00:00Z,Mobio Powersoil,MSB.61,SRP068669,61,9606
SRR3110060,AMPLICON,301,11421367,PRJNA309332,SAMN04431533,Metagenome or environmental,6111867,UNIVERSITY OF PENNSYLVANIA,2016-01-14,public,"fastq,sra","gs,ncbi,s3","gs.US,ncbi.public,s3.us-east-1",SRX1538530,USA,North America,USA,Illumina MiSeq,Placenta (MS),39.950 N 75.166 W,MSB.66,PAIRED,PCR,METAGENOMIC,human vaginal metagenome,ILLUMINA,2016-05-17T00:00:00Z,Mobio Powersoil,MSB.66,SRP068669,66,9606
SRR3110061,AMPLICON,304,1415542,PRJNA309332,SAMN04431534,Metagenome or environmental,824857,UNIVERSITY OF PENNSYLVANIA,2016-01-14,public,"fastq,sra","gs,ncbi,s3","gs.US,ncbi.public,s3.us-east-1",SRX1538531,USA,North America,USA,Illumina MiSeq,Placenta (MS),39.950 N 75.166 W,MSB.67,PAIRED,PCR,METAGENOMIC,human vaginal metagenome,ILLUMINA,2016-05-17T00:00:00Z,Mobio Powersoil,MSB.67,SRP068669,67,9606
SRR3110062,AMPLICON,301,9056284,PRJNA309332,SAMN04431535,Metagenome or environmental,4845283,UNIVERSITY OF PENNSYLVANIA,2016-01-14,public,"fastq,sra","gs,ncbi,s3","gs.US,ncbi.public,s3.us-east-1",SRX1538532,USA,North America,USA,Illumina MiSeq,Placenta (MS),39.950 N 75.166 W,MSB.69,PAIRED,PCR,METAGENOMIC,human vaginal metagenome,ILLUMINA,2016-05-17T00:00:00Z,Mobio Powersoil,MSB.69,SRP068669,69,9606
SRR3110063,AMPLICON,303,531449,PRJNA309332,SAMN04431500,Metagenome or environmental,367586,UNIVERSITY OF PENNSYLVANIA,2016-01-14,public,"fastq,sra","gs,ncbi,s3","gs.US,ncbi.public,s3.us-east-1",SRX1538533,USA,North America,USA,Illumina MiSeq,OR Air Swab,39.950 N 75.166 W,air.swab.5,PAIRED,PCR,METAGENOMIC,human vaginal metagenome,ILLUMINA,2016-05-17T00:00:00Z,Mobio Powersoil,air.swab.5,SRP068669,5,
SRR3110064,AMPLICON,300,2151389,PRJNA309332,SAMN04431536,Metagenome or environmental,1224875,UNIVERSITY OF PENNSYLVANIA,2016-01-14,public,"fastq,sra","gs,ncbi,s3","gs.US,ncbi.public,s3.us-east-1",SRX1538534,USA,North America,USA,Illumina MiSeq,Placenta (MS),39.950 N 75.166 W,MSB.70,PAIRED,PCR,METAGENOMIC,human vaginal metagenome,ILLUMINA,2016-05-17T00:00:00Z,Mobio Powersoil,MSB.70,SRP068669,70,9606
SRR3110065,AMPLICON,298,1370427,PRJNA309332,SAMN04431537,Metagenome or environmental,686351,UNIVERSITY OF PENNSYLVANIA,2015-10-12,public,"fastq,sra","gs,ncbi,s3","gs.US,ncbi.public,s3.us-east-1",SRX1538535,USA,North America,USA,Illumina MiSeq,Extraction Blank,39.950 N 75.166 W,N2.blank.tube.5.Negative.Control,PAIRED,PCR,METAGENOMIC,human vaginal metagenome,ILLUMINA,2016-05-17T00:00:00Z,PSP Spin Stool DNA Plus Kit,N2.blank.tube.5.Negative.Control,SRP068669,5,
SRR3110066,AMPLICON,292,1182740,PRJNA309332,SAMN04431538,Metagenome or environmental,615832,UNIVERSITY OF PENNSYLVANIA,2015-10-12,public,"fastq,sra","gs,ncbi,s3","gs.US,ncbi.public,s3.us-east-1",SRX1538536,USA,North America,USA,Illumina MiSeq,Extraction Blank,39.950 N 75.166 W,N3.blank.tube.6.Negative.Control,PAIRED,PCR,METAGENOMIC,human vaginal metagenome,ILLUMINA,2016-05-17T00:00:00Z,PSP Spin Stool DNA Plus Kit,N3.blank.tube.6.Negative.Control,SRP068669,6,
SRR3110067,AMPLICON,315,40659785,PRJNA309332,SAMN04431541,Metagenome or environmental,19532951,UNIVERSITY OF PENNSYLVANIA,2015-10-12,public,"fastq,sra","gs,ncbi,s3","gs.US,ncbi.public,s3.us-east-1",SRX1538537,USA,North America,USA,Illumina MiSeq,saliva,39.950 N 75.166 W,Saliva55.0055MSMBIER,PAIRED,PCR,METAGENOMIC,human vaginal metagenome,ILLUMINA,2016-05-17T00:00:00Z,PSP Spin Stool DNA Plus Kit,Saliva55.0055MSMBIER,SRP068669,55,9606
SRR3110068,AMPLICON,317,54405320,PRJNA309332,SAMN04431542,Metagenome or environmental,26710019,UNIVERSITY OF PENNSYLVANIA,2015-10-12,public,"fastq,sra","gs,ncbi,s3","gs.US,ncbi.public,s3.us-east-1",SRX1538538,USA,North America,USA,Illumina MiSeq,saliva,39.950 N 75.166 W,Saliva61.0061BSMBIER,PAIRED,PCR,METAGENOMIC,human vaginal metagenome,ILLUMINA,2016-05-17T00:00:00Z,PSP Spin Stool DNA Plus Kit,Saliva61.0061BSMBIER,SRP068669,61,9606
SRR3110069,AMPLICON,317,32256994,PRJNA309332,SAMN04431543,Metagenome or environmental,15323269,UNIVERSITY OF PENNSYLVANIA,2015-10-12,public,"fastq,sra","gs,ncbi,s3","gs.US,ncbi.public,s3.us-east-1",SRX1538539,USA,North America,USA,Illumina MiSeq,saliva,39.950 N 75.166 W,Saliva66.0066BSMBIER,PAIRED,PCR,METAGENOMIC,human vaginal metagenome,ILLUMINA,2016-05-17T00:00:00Z,PSP Spin Stool DNA Plus Kit,Saliva66.0066BSMBIER,SRP068669,66,9606
SRR3110070,AMPLICON,315,51035445,PRJNA309332,SAMN04431544,Metagenome or environmental,24793087,UNIVERSITY OF PENNSYLVANIA,2015-10-12,public,"fastq,sra","gs,ncbi,s3","gs.US,ncbi.public,s3.us-east-1",SRX1538540,USA,North America,USA,Illumina MiSeq,saliva,39.950 N 75.166 W,Saliva67.0067BSMBIER,PAIRED,PCR,METAGENOMIC,human vaginal metagenome,ILLUMINA,2016-05-17T00:00:00Z,PSP Spin Stool DNA Plus Kit,Saliva67.0067BSMBIER,SRP068669,67,9606
SRR3110071,AMPLICON,317,55482332,PRJNA309332,SAMN04431545,Metagenome or environmental,27421134,UNIVERSITY OF PENNSYLVANIA,2015-10-12,public,"fastq,sra","gs,ncbi,s3","gs.US,ncbi.public,s3.us-east-1",SRX1538541,USA,North America,USA,Illumina MiSeq,saliva,39.950 N 75.166 W,Saliva69.0069BSMBIER,PAIRED,PCR,METAGENOMIC,human vaginal metagenome,ILLUMINA,2016-05-17T00:00:00Z,PSP Spin Stool DNA Plus Kit,Saliva69.0069BSMBIER,SRP068669,69,9606
SRR3110072,AMPLICON,317,56622915,PRJNA309332,SAMN04431546,Metagenome or environmental,27742836,UNIVERSITY OF PENNSYLVANIA,2015-10-12,public,"fastq,sra","gs,ncbi,s3","gs.US,ncbi.public,s3.us-east-1",SRX1538542,USA,North America,USA,Illumina MiSeq,saliva,39.950 N 75.166 W,Saliva70.0070BSMBIER,PAIRED,PCR,METAGENOMIC,human vaginal metagenome,ILLUMINA,2016-05-17T00:00:00Z,PSP Spin Stool DNA Plus Kit,Saliva70.0070BSMBIER,SRP068669,70,9606
SRR3110073,AMPLICON,315,24411509,PRJNA309332,SAMN04431547,Metagenome or environmental,13643600,UNIVERSITY OF PENNSYLVANIA,2016-01-14,public,"fastq,sra","gs,ncbi,s3","gs.US,ncbi.public,s3.us-east-1",SRX1538543,USA,North America,USA,Illumina MiSeq,saliva,39.950 N 75.166 W,saliva.55,PAIRED,PCR,METAGENOMIC,human vaginal metagenome,ILLUMINA,2016-05-17T00:00:00Z,Mobio Powersoil,saliva.55,SRP068669,55,9606
SRR3110074,AMPLICON,297,2430218,PRJNA309332,SAMN04431501,Metagenome or environmental,1188487,UNIVERSITY OF PENNSYLVANIA,2015-10-12,public,"fastq,sra","gs,ncbi,s3","gs.US,ncbi.public,s3.us-east-1",SRX1538544,USA,North America,USA,Illumina MiSeq,OR Air Swab,39.950 N 75.166 W,Air.swab.patient.55,PAIRED,PCR,METAGENOMIC,human vaginal metagenome,ILLUMINA,2016-05-17T00:00:00Z,PSP Spin Stool DNA Plus Kit,Air.swab.patient.55,SRP068669,55,
SRR3110075,AMPLICON,315,25799258,PRJNA309332,SAMN04431548,Metagenome or environmental,14674480,UNIVERSITY OF PENNSYLVANIA,2016-01-14,public,"fastq,sra","gs,ncbi,s3","gs.US,ncbi.public,s3.us-east-1",SRX1538545,USA,North America,USA,Illumina MiSeq,saliva,39.950 N 75.166 W,saliva.61,PAIRED,PCR,METAGENOMIC,human vaginal metagenome,ILLUMINA,2016-05-17T00:00:00Z,Mobio Powersoil,saliva.61,SRP068669,61,9606
SRR3110076,AMPLICON,316,11748443,PRJNA309332,SAMN04431549,Metagenome or environmental,6579710,UNIVERSITY OF PENNSYLVANIA,2016-01-14,public,"fastq,sra","gs,ncbi,s3","gs.US,ncbi.public,s3.us-east-1",SRX1538546,USA,North America,USA,Illumina MiSeq,saliva,39.950 N 75.166 W,saliva.66,PAIRED,PCR,METAGENOMIC,human vaginal metagenome,ILLUMINA,2016-05-17T00:00:00Z,Mobio Powersoil,saliva.66,SRP068669,66,9606
SRR3110077,AMPLICON,314,28406757,PRJNA309332,SAMN04431550,Metagenome or environmental,15934483,UNIVERSITY OF PENNSYLVANIA,2016-01-14,public,"fastq,sra","gs,ncbi,s3","gs.US,ncbi.public,s3.us-east-1",SRX1538547,USA,North America,USA,Illumina MiSeq,saliva,39.950 N 75.166 W,saliva.67,PAIRED,PCR,METAGENOMIC,human vaginal metagenome,ILLUMINA,2016-05-17T00:00:00Z,Mobio Powersoil,saliva.67,SRP068669,67,9606
SRR3110078,AMPLICON,314,32897263,PRJNA309332,SAMN04431551,Metagenome or environmental,18551588,UNIVERSITY OF PENNSYLVANIA,2016-01-14,public,"fastq,sra","gs,ncbi,s3","gs.US,ncbi.public,s3.us-east-1",SRX1538548,USA,North America,USA,Illumina MiSeq,saliva,39.950 N 75.166 W,saliva.69,PAIRED,PCR,METAGENOMIC,human vaginal metagenome,ILLUMINA,2016-05-17T00:00:00Z,Mobio Powersoil,saliva.69,SRP068669,69,9606
SRR3110079,AMPLICON,316,39584863,PRJNA309332,SAMN04431552,Metagenome or environmental,22343572,UNIVERSITY OF PENNSYLVANIA,2016-01-14,public,"fastq,sra","gs,ncbi,s3","gs.US,ncbi.public,s3.us-east-1",SRX1538549,USA,North America,USA,Illumina MiSeq,saliva,39.950 N 75.166 W,saliva.70,PAIRED,PCR,METAGENOMIC,human vaginal metagenome,ILLUMINA,2016-05-17T00:00:00Z,Mobio Powersoil,saliva.70,SRP068669,70,9606
SRR3110080,AMPLICON,297,1912654,PRJNA309332,SAMN04431553,Metagenome or environmental,932076,UNIVERSITY OF PENNSYLVANIA,2015-10-12,public,"fastq,sra","gs,ncbi,s3","gs.US,ncbi.public,s3.us-east-1",SRX1538550,USA,North America,USA,Illumina MiSeq,Sterile Swab,39.950 N 75.166 W,A.blank.swab.1.Swab.control,PAIRED,PCR,METAGENOMIC,human vaginal metagenome,ILLUMINA,2016-05-17T00:00:00Z,PSP Spin Stool DNA Plus Kit,A.blank.swab.1.Swab.control,SRP068669,1,
SRR3110081,AMPLICON,297,1507000,PRJNA309332,SAMN04431554,Metagenome or environmental,756777,UNIVERSITY OF PENNSYLVANIA,2015-10-12,public,"fastq,sra","gs,ncbi,s3","gs.US,ncbi.public,s3.us-east-1",SRX1538551,USA,North America,USA,Illumina MiSeq,Sterile Swab,39.950 N 75.166 W,B.blank.swab.2.Swab.control,PAIRED,PCR,METAGENOMIC,human vaginal metagenome,ILLUMINA,2016-05-17T00:00:00Z,PSP Spin Stool DNA Plus Kit,B.blank.swab.2.Swab.control,SRP068669,2,
SRR3110082,AMPLICON,291,2965329,PRJNA309332,SAMN04431555,Metagenome or environmental,1361492,UNIVERSITY OF PENNSYLVANIA,2015-10-12,public,"fastq,sra","gs,ncbi,s3","gs.US,ncbi.public,s3.us-east-1",SRX1538552,USA,North America,USA,Illumina MiSeq,Sterile Swab,39.950 N 75.166 W,C.blank.swab.3.Swab.control,PAIRED,PCR,METAGENOMIC,human vaginal metagenome,ILLUMINA,2016-05-17T00:00:00Z,PSP Spin Stool DNA Plus Kit,C.blank.swab.3.Swab.control,SRP068669,3,
SRR3110083,AMPLICON,301,1133579,PRJNA309332,SAMN04431556,Metagenome or environmental,667572,UNIVERSITY OF PENNSYLVANIA,2016-01-14,public,"fastq,sra","gs,ncbi,s3","gs.US,ncbi.public,s3.us-east-1",SRX1538553,USA,North America,USA,Illumina MiSeq,Sterile Swab,39.950 N 75.166 W,unopened.swab.1,PAIRED,PCR,METAGENOMIC,human vaginal metagenome,ILLUMINA,2016-05-17T00:00:00Z,Mobio Powersoil,unopened.swab.1,SRP068669,1,
SRR3110084,AMPLICON,303,454406,PRJNA309332,SAMN04431557,Metagenome or environmental,322982,UNIVERSITY OF PENNSYLVANIA,2016-01-14,public,"fastq,sra","gs,ncbi,s3","gs.US,ncbi.public,s3.us-east-1",SRX1538554,USA,North America,USA,Illumina MiSeq,Sterile Swab,39.950 N 75.166 W,unopened.swab.2,PAIRED,PCR,METAGENOMIC,human vaginal metagenome,ILLUMINA,2016-05-17T00:00:00Z,Mobio Powersoil,unopened.swab.2,SRP068669,2,
SRR3110085,AMPLICON,296,1605078,PRJNA309332,SAMN04431502,Metagenome or environmental,791942,UNIVERSITY OF PENNSYLVANIA,2015-10-12,public,"fastq,sra","gs,ncbi,s3","gs.US,ncbi.public,s3.us-east-1",SRX1538555,USA,North America,USA,Illumina MiSeq,OR Air Swab,39.950 N 75.166 W,Air.swab.patient.61,PAIRED,PCR,METAGENOMIC,human vaginal metagenome,ILLUMINA,2016-05-17T00:00:00Z,PSP Spin Stool DNA Plus Kit,Air.swab.patient.61,SRP068669,61,
SRR3110086,AMPLICON,302,1635665,PRJNA309332,SAMN04431558,Metagenome or environmental,947362,UNIVERSITY OF PENNSYLVANIA,2016-01-14,public,"fastq,sra","gs,ncbi,s3","gs.US,ncbi.public,s3.us-east-1",SRX1538556,USA,North America,USA,Illumina MiSeq,Sterile Swab,39.950 N 75.166 W,unopened.swab.3,PAIRED,PCR,METAGENOMIC,human vaginal metagenome,ILLUMINA,2016-05-17T00:00:00Z,Mobio Powersoil,unopened.swab.3,SRP068669,3,
SRR3110087,AMPLICON,290,2232903,PRJNA309332,SAMN04431559,Metagenome or environmental,1306590,UNIVERSITY OF PENNSYLVANIA,2016-01-14,public,"fastq,sra","gs,ncbi,s3","gs.US,ncbi.public,s3.us-east-1",SRX1538557,USA,North America,USA,Illumina MiSeq,Sterile Swab,39.950 N 75.166 W,unopened.swab.4,PAIRED,PCR,METAGENOMIC,human vaginal metagenome,ILLUMINA,2016-05-17T00:00:00Z,Mobio Powersoil,unopened.swab.4,SRP068669,4,
SRR3110088,AMPLICON,302,762954,PRJNA309332,SAMN04431560,Metagenome or environmental,475328,UNIVERSITY OF PENNSYLVANIA,2016-01-14,public,"fastq,sra","gs,ncbi,s3","gs.US,ncbi.public,s3.us-east-1",SRX1538558,USA,North America,USA,Illumina MiSeq,Sterile Swab,39.950 N 75.166 W,unopened.swab.5,PAIRED,PCR,METAGENOMIC,human vaginal metagenome,ILLUMINA,2016-05-17T00:00:00Z,Mobio Powersoil,unopened.swab.5,SRP068669,5,
SRR3110089,AMPLICON,331,55110314,PRJNA309332,SAMN04431561,Metagenome or environmental,24828696,UNIVERSITY OF PENNSYLVANIA,2015-10-12,public,"fastq,sra","gs,ncbi,s3","gs.US,ncbi.public,s3.us-east-1",SRX1538559,USA,North America,USA,Illumina MiSeq,Vaginal Swab,39.950 N 75.166 W,VaginalSwab55.055VSMBIER,PAIRED,PCR,METAGENOMIC,human vaginal metagenome,ILLUMINA,2016-05-17T00:00:00Z,PSP Spin Stool DNA Plus Kit,VaginalSwab55.055VSMBIER,SRP068669,55,9606
SRR3110090,AMPLICON,326,55160648,PRJNA309332,SAMN04431562,Metagenome or environmental,28299722,UNIVERSITY OF PENNSYLVANIA,2015-10-12,public,"fastq,sra","gs,ncbi,s3","gs.US,ncbi.public,s3.us-east-1",SRX1538560,USA,North America,USA,Illumina MiSeq,Vaginal Swab,39.950 N 75.166 W,Vaginal.Swab61.0061VSMBIER,PAIRED,PCR,METAGENOMIC,human vaginal metagenome,ILLUMINA,2016-05-17T00:00:00Z,PSP Spin Stool DNA Plus Kit,Vaginal.Swab61.0061VSMBIER,SRP068669,61,9606
SRR3110091,AMPLICON,331,48253274,PRJNA309332,SAMN04431563,Metagenome or environmental,21489566,UNIVERSITY OF PENNSYLVANIA,2015-10-12,public,"fastq,sra","gs,ncbi,s3","gs.US,ncbi.public,s3.us-east-1",SRX1538561,USA,North America,USA,Illumina MiSeq,Vaginal Swab,39.950 N 75.166 W,Vaginal.Swab66.0066VSMBIER,PAIRED,PCR,METAGENOMIC,human vaginal metagenome,ILLUMINA,2016-05-17T00:00:00Z,PSP Spin Stool DNA Plus Kit,Vaginal.Swab66.0066VSMBIER,SRP068669,66,9606
SRR3110092,AMPLICON,337,42279850,PRJNA309332,SAMN04431564,Metagenome or environmental,17614841,UNIVERSITY OF PENNSYLVANIA,2015-10-12,public,"fastq,sra","gs,ncbi,s3","gs.US,ncbi.public,s3.us-east-1",SRX1538562,USA,North America,USA,Illumina MiSeq,Vaginal Swab,39.950 N 75.166 W,Vaginal.Swab67.0067VSMBIER,PAIRED,PCR,METAGENOMIC,human vaginal metagenome,ILLUMINA,2016-05-17T00:00:00Z,PSP Spin Stool DNA Plus Kit,Vaginal.Swab67.0067VSMBIER,SRP068669,67,9606
SRR3110093,AMPLICON,329,21677284,PRJNA309332,SAMN04431565,Metagenome or environmental,8934699,UNIVERSITY OF PENNSYLVANIA,2015-10-12,public,"fastq,sra","gs,ncbi,s3","gs.US,ncbi.public,s3.us-east-1",SRX1538563,USA,North America,USA,Illumina MiSeq,Vaginal Swab,39.950 N 75.166 W,Vaginal.Swab69.0069VSMBIER,PAIRED,PCR,METAGENOMIC,human vaginal metagenome,ILLUMINA,2016-05-17T00:00:00Z,PSP Spin Stool DNA Plus Kit,Vaginal.Swab69.0069VSMBIER,SRP068669,69,9606
SRR3110094,AMPLICON,332,41469238,PRJNA309332,SAMN04431566,Metagenome or environmental,18791953,UNIVERSITY OF PENNSYLVANIA,2015-10-12,public,"fastq,sra","gs,ncbi,s3","gs.US,ncbi.public,s3.us-east-1",SRX1538564,USA,North America,USA,Illumina MiSeq,Vaginal Swab,39.950 N 75.166 W,Vaginal.Swab70.0070VSMBIER,PAIRED,PCR,METAGENOMIC,human vaginal metagenome,ILLUMINA,2016-05-17T00:00:00Z,PSP Spin Stool DNA Plus Kit,Vaginal.Swab70.0070VSMBIER,SRP068669,70,9606
SRR3110095,AMPLICON,298,1037458,PRJNA309332,SAMN04431503,Metagenome or environmental,540993,UNIVERSITY OF PENNSYLVANIA,2015-10-12,public,"fastq,sra","gs,ncbi,s3","gs.US,ncbi.public,s3.us-east-1",SRX1538565,USA,North America,USA,Illumina MiSeq,OR Air Swab,39.950 N 75.166 W,Air.swab.patient.66,PAIRED,PCR,METAGENOMIC,human vaginal metagenome,ILLUMINA,2016-05-17T00:00:00Z,PSP Spin Stool DNA Plus Kit,Air.swab.patient.66,SRP068669,66,
SRR3110096,AMPLICON,297,2530266,PRJNA309332,SAMN04431504,Metagenome or environmental,1233823,UNIVERSITY OF PENNSYLVANIA,2015-10-12,public,"fastq,sra","gs,ncbi,s3","gs.US,ncbi.public,s3.us-east-1",SRX1538566,USA,North America,USA,Illumina MiSeq,OR Air Swab,39.950 N 75.166 W,Air.swab.patient.67,PAIRED,PCR,METAGENOMIC,human vaginal metagenome,ILLUMINA,2016-05-17T00:00:00Z,PSP Spin Stool DNA Plus Kit,Air.swab.patient.67,SRP068669,67,
SRR3110097,AMPLICON,295,2181656,PRJNA309332,SAMN04431505,Metagenome or environmental,1085727,UNIVERSITY OF PENNSYLVANIA,2015-10-12,public,"fastq,sra","gs,ncbi,s3","gs.US,ncbi.public,s3.us-east-1",SRX1538567,USA,North America,USA,Illumina MiSeq,OR Air Swab,39.950 N 75.166 W,Air.swab.patient.69,PAIRED,PCR,METAGENOMIC,human vaginal metagenome,ILLUMINA,2016-05-17T00:00:00Z,PSP Spin Stool DNA Plus Kit,Air.swab.patient.69,SRP068669,69,
